INFO 2026-03-25 00:45:50,816 autoreload Watching for file changes with StatReloader
WARNING 2026-03-25 00:46:06,155 log Not Found: /
WARNING 2026-03-25 00:46:06,238 log "GET / HTTP/1.1" 404 3547
WARNING 2026-03-25 00:46:07,828 log Not Found: /favicon.ico
WARNING 2026-03-25 00:46:07,852 log "GET /favicon.ico HTTP/1.1" 404 3598
INFO 2026-03-25 00:47:57,223 log "GET /admin/ HTTP/1.1" 302 0
INFO 2026-03-25 00:47:57,637 log "GET /admin/login/?next=/admin/ HTTP/1.1" 200 4080
INFO 2026-03-25 00:47:58,695 log "GET /static/admin/css/dark_mode.css HTTP/1.1" 200 3538
INFO 2026-03-25 00:47:58,771 log "GET /static/admin/css/login.css HTTP/1.1" 200 951
INFO 2026-03-25 00:47:58,776 log "GET /static/admin/css/base.css HTTP/1.1" 200 23100
INFO 2026-03-25 00:47:58,981 log "GET /static/admin/js/theme.js HTTP/1.1" 200 1653
INFO 2026-03-25 00:47:59,106 log "GET /static/admin/css/nav_sidebar.css HTTP/1.1" 200 2810
INFO 2026-03-25 00:47:59,109 log "GET /static/admin/css/responsive.css HTTP/1.1" 200 16273
INFO 2026-03-25 00:47:59,286 log "GET /static/admin/js/nav_sidebar.js HTTP/1.1" 200 3063
INFO 2026-03-25 00:48:37,048 log "POST /admin/login/?next=/admin/ HTTP/1.1" 302 0
INFO 2026-03-25 00:48:37,197 log "GET /admin/ HTTP/1.1" 200 16774
INFO 2026-03-25 00:48:37,458 log "GET /static/admin/css/dashboard.css HTTP/1.1" 200 441
INFO 2026-03-25 00:48:38,127 log "GET /static/admin/img/icon-addlink.svg HTTP/1.1" 200 593
INFO 2026-03-25 00:48:38,128 log "GET /static/admin/img/icon-changelink.svg HTTP/1.1" 200 978
ERROR 2026-03-25 00:50:22,131 log Internal Server Error: /api/ioc/
Traceback (most recent call last):
  File "C:\capstone_project\.venv\Lib\site-packages\django\core\handlers\exception.py", line 55, in inner
    response = get_response(request)
               ^^^^^^^^^^^^^^^^^^^^^
  File "C:\capstone_project\.venv\Lib\site-packages\django\core\handlers\base.py", line 221, in _get_response
    response = response.render()
               ^^^^^^^^^^^^^^^^^
  File "C:\capstone_project\.venv\Lib\site-packages\django\template\response.py", line 114, in render
    self.content = self.rendered_content
                   ^^^^^^^^^^^^^^^^^^^^^
  File "C:\capstone_project\.venv\Lib\site-packages\rest_framework\response.py", line 74, in rendered_content
    ret = renderer.render(self.data, accepted_media_type, context)
          ^^^^^^^^^^^^^^^^^^^^^^^^^^^^^^^^^^^^^^^^^^^^^^^^^^^^^^^^
  File "C:\capstone_project\.venv\Lib\site-packages\rest_framework\renderers.py", line 749, in render
    template = loader.get_template(self.template)
               ^^^^^^^^^^^^^^^^^^^^^^^^^^^^^^^^^^
  File "C:\capstone_project\.venv\Lib\site-packages\django\template\loader.py", line 19, in get_template
    raise TemplateDoesNotExist(template_name, chain=chain)
django.template.exceptions.TemplateDoesNotExist: rest_framework/api.html
ERROR 2026-03-25 00:50:22,257 log "GET /api/ioc/ HTTP/1.1" 500 94732
INFO 2026-03-25 00:53:21,112 autoreload C:\capstone_project\backend\threat_intel\threat_intel\settings.py changed, reloading.
INFO 2026-03-25 00:53:27,840 autoreload Watching for file changes with StatReloader
WARNING 2026-03-25 00:53:36,784 log Not Found: /
WARNING 2026-03-25 00:53:36,850 log "GET / HTTP/1.1" 404 3547
WARNING 2026-03-25 00:53:59,324 log Unauthorized: /api/ioc/
WARNING 2026-03-25 00:53:59,328 log "GET /api/ioc/ HTTP/1.1" 401 5029
INFO 2026-03-25 00:54:00,614 log "GET /static/rest_framework/css/default.css HTTP/1.1" 200 1152
INFO 2026-03-25 00:54:00,877 log "GET /static/rest_framework/css/bootstrap-tweaks.css HTTP/1.1" 200 3426
INFO 2026-03-25 00:54:01,109 log "GET /static/rest_framework/css/prettify.css HTTP/1.1" 200 817
INFO 2026-03-25 00:54:01,622 log "GET /static/rest_framework/js/ajax-form.js HTTP/1.1" 200 3796
INFO 2026-03-25 00:54:01,626 log "GET /static/rest_framework/css/bootstrap.min.css HTTP/1.1" 200 121457
INFO 2026-03-25 00:54:02,067 log "GET /static/rest_framework/js/csrf.js HTTP/1.1" 200 1793
INFO 2026-03-25 00:54:02,330 log "GET /static/rest_framework/js/bootstrap.min.js HTTP/1.1" 200 39680
INFO 2026-03-25 00:54:02,548 log "GET /static/rest_framework/js/prettify-min.js HTTP/1.1" 200 13632
INFO 2026-03-25 00:54:02,774 log "GET /static/rest_framework/js/default.js HTTP/1.1" 200 1268
INFO 2026-03-25 00:54:03,219 log "GET /static/rest_framework/js/jquery-3.7.1.min.js HTTP/1.1" 200 87533
INFO 2026-03-25 00:54:03,223 log "GET /static/rest_framework/img/grid.png HTTP/1.1" 200 1458
INFO 2026-03-25 00:54:03,248 log "GET /static/rest_framework/js/load-ajax-form.js HTTP/1.1" 200 59
INFO 2026-03-25 00:56:09,476 autoreload C:\capstone_project\backend\threat_intel\threat_intel\settings.py changed, reloading.
INFO 2026-03-25 00:56:16,243 autoreload Watching for file changes with StatReloader
WARNING 2026-03-25 00:56:28,116 log Not Found: /
WARNING 2026-03-25 00:56:28,220 log "GET / HTTP/1.1" 404 3547
WARNING 2026-03-25 00:56:56,199 log Not Found: /api/uploads/
WARNING 2026-03-25 00:56:56,213 log "GET /api/uploads/ HTTP/1.1" 404 3988
WARNING 2026-03-25 00:58:26,905 log Unauthorized: /api/uploads/upload/
WARNING 2026-03-25 00:58:26,921 log "GET /api/uploads/upload/ HTTP/1.1" 401 3773
INFO 2026-03-25 00:59:57,048 log "GET /admin/uploads/upload/add/ HTTP/1.1" 200 20663
INFO 2026-03-25 01:00:01,069 log "GET /admin/jsi18n/ HTTP/1.1" 200 3342
INFO 2026-03-25 01:00:03,082 log "GET /static/admin/css/forms.css HTTP/1.1" 200 8831
INFO 2026-03-25 01:00:03,560 log "GET /static/admin/js/vendor/xregexp/xregexp.js HTTP/1.1" 200 325171
INFO 2026-03-25 01:00:03,923 log "GET /static/admin/js/urlify.js HTTP/1.1" 200 7887
INFO 2026-03-25 01:00:03,923 log "GET /static/admin/js/admin/RelatedObjectLookups.js HTTP/1.1" 200 9777
INFO 2026-03-25 01:00:03,964 log "GET /static/admin/js/core.js HTTP/1.1" 200 6208
INFO 2026-03-25 01:00:04,208 log "GET /static/admin/js/actions.js HTTP/1.1" 200 8076
INFO 2026-03-25 01:00:06,635 log "GET /static/admin/css/widgets.css HTTP/1.1" 200 11811
INFO 2026-03-25 01:00:07,656 log "GET /static/admin/js/prepopulate_init.js HTTP/1.1" 200 586
INFO 2026-03-25 01:00:11,023 log "GET /static/admin/img/icon-viewlink.svg HTTP/1.1" 200 928
INFO 2026-03-25 01:00:11,465 log "GET /static/admin/js/change_form.js HTTP/1.1" 200 606
WARNING 2026-03-25 01:01:27,493 log Not Found: /
WARNING 2026-03-25 01:01:27,505 log "GET / HTTP/1.1" 404 3547
WARNING 2026-03-25 01:01:57,094 log Not Found: /api/yara/
WARNING 2026-03-25 01:01:57,101 log "GET /api/yara/ HTTP/1.1" 404 4002
WARNING 2026-03-25 01:03:52,544 log Unauthorized: /api/yara/rules/
WARNING 2026-03-25 01:03:52,616 log "GET /api/yara/rules/ HTTP/1.1" 401 5100
INFO 2026-03-25 11:02:28,999 autoreload Watching for file changes with StatReloader
WARNING 2026-03-25 11:02:40,816 log Not Found: /
WARNING 2026-03-25 11:02:40,908 log "GET / HTTP/1.1" 404 3547
INFO 2026-03-25 11:02:50,881 log "GET /admin/ HTTP/1.1" 200 16774
INFO 2026-03-25 11:02:51,095 log "GET /static/admin/css/dark_mode.css HTTP/1.1" 304 0
INFO 2026-03-25 11:02:51,159 log "GET /static/admin/css/base.css HTTP/1.1" 304 0
INFO 2026-03-25 11:02:51,192 log "GET /static/admin/css/dashboard.css HTTP/1.1" 304 0
INFO 2026-03-25 11:02:51,250 log "GET /static/admin/css/nav_sidebar.css HTTP/1.1" 304 0
INFO 2026-03-25 11:02:51,286 log "GET /static/admin/js/theme.js HTTP/1.1" 304 0
INFO 2026-03-25 11:02:51,373 log "GET /static/admin/js/nav_sidebar.js HTTP/1.1" 304 0
INFO 2026-03-25 11:02:51,389 log "GET /static/admin/css/responsive.css HTTP/1.1" 304 0
INFO 2026-03-25 11:02:51,488 log "GET /static/admin/img/icon-changelink.svg HTTP/1.1" 304 0
INFO 2026-03-25 11:02:51,495 log "GET /static/admin/img/icon-addlink.svg HTTP/1.1" 304 0
INFO 2026-03-25 11:04:15,036 log "GET /admin/tutorials/tutorial/add/ HTTP/1.1" 200 19069
INFO 2026-03-25 11:04:15,591 log "GET /static/admin/css/forms.css HTTP/1.1" 304 0
INFO 2026-03-25 11:04:15,749 log "GET /static/admin/js/jquery.init.js HTTP/1.1" 200 347
INFO 2026-03-25 11:04:15,804 log "GET /static/admin/js/admin/RelatedObjectLookups.js HTTP/1.1" 304 0
INFO 2026-03-25 11:04:15,806 log "GET /admin/jsi18n/ HTTP/1.1" 200 3342
INFO 2026-03-25 11:04:15,978 log "GET /static/admin/js/actions.js HTTP/1.1" 304 0
INFO 2026-03-25 11:04:15,980 log "GET /static/admin/js/urlify.js HTTP/1.1" 304 0
INFO 2026-03-25 11:04:15,980 log "GET /static/admin/css/widgets.css HTTP/1.1" 304 0
INFO 2026-03-25 11:04:15,990 log "GET /static/admin/js/core.js HTTP/1.1" 304 0
INFO 2026-03-25 11:04:16,090 log "GET /static/admin/js/prepopulate.js HTTP/1.1" 200 1531
INFO 2026-03-25 11:04:16,092 log "GET /static/admin/js/vendor/xregexp/xregexp.js HTTP/1.1" 304 0
INFO 2026-03-25 11:04:16,100 log "GET /static/admin/js/prepopulate_init.js HTTP/1.1" 304 0
INFO 2026-03-25 11:04:16,343 log "GET /static/admin/js/vendor/jquery/jquery.js HTTP/1.1" 200 285314
INFO 2026-03-25 11:04:16,501 log "GET /static/admin/js/change_form.js HTTP/1.1" 304 0
INFO 2026-03-25 14:32:02,069 autoreload Watching for file changes with StatReloader
WARNING 2026-03-25 14:32:13,499 log Not Found: /
WARNING 2026-03-25 14:32:13,511 log "GET / HTTP/1.1" 404 3547
INFO 2026-03-25 14:32:58,374 log "GET /admin/ HTTP/1.1" 200 16774
INFO 2026-03-25 14:32:58,898 log "GET /static/admin/css/dark_mode.css HTTP/1.1" 304 0
INFO 2026-03-25 14:32:58,899 log "GET /static/admin/css/dashboard.css HTTP/1.1" 304 0
INFO 2026-03-25 14:32:59,017 log "GET /static/admin/css/nav_sidebar.css HTTP/1.1" 304 0
INFO 2026-03-25 14:32:59,052 log "GET /static/admin/css/base.css HTTP/1.1" 304 0
INFO 2026-03-25 14:32:59,145 log "GET /static/admin/css/responsive.css HTTP/1.1" 304 0
INFO 2026-03-25 14:32:59,229 log "GET /static/admin/js/nav_sidebar.js HTTP/1.1" 304 0
INFO 2026-03-25 14:32:59,252 log "GET /static/admin/js/theme.js HTTP/1.1" 304 0
INFO 2026-03-25 14:32:59,586 log "GET /static/admin/img/icon-changelink.svg HTTP/1.1" 304 0
INFO 2026-03-25 14:32:59,664 log "GET /static/admin/img/icon-addlink.svg HTTP/1.1" 304 0
WARNING 2026-03-25 14:33:08,507 log Not Found: /
WARNING 2026-03-25 14:33:08,519 log "GET / HTTP/1.1" 404 3547
INFO 2026-03-25 15:25:18,183 log "OPTIONS /api/token/ HTTP/1.1" 200 0
INFO 2026-03-25 15:25:22,202 log "POST /api/token/ HTTP/1.1" 200 489
WARNING 2026-03-25 15:25:22,523 log Not Found: /ws/analysis/
INFO 2026-03-25 15:25:22,542 log "OPTIONS /api/analysis/risk-trends/ HTTP/1.1" 200 0
WARNING 2026-03-25 15:25:22,667 log "GET /ws/analysis/ HTTP/1.1" 404 3601
WARNING 2026-03-25 15:25:22,710 log Not Found: /api/analysis/risk-trends/
INFO 2026-03-25 15:25:22,756 log "OPTIONS /api/analysis/ HTTP/1.1" 200 0
INFO 2026-03-25 15:25:22,758 basehttp - Broken pipe from ('127.0.0.1', 51120)
WARNING 2026-03-25 15:25:22,807 log "GET /api/analysis/risk-trends/ HTTP/1.1" 404 3769
WARNING 2026-03-25 15:25:22,841 log Not Found: /api/analysis/
WARNING 2026-03-25 15:25:22,863 log "GET /api/analysis/ HTTP/1.1" 404 3733
INFO 2026-03-25 15:25:39,316 log "OPTIONS /api/tutorials/ HTTP/1.1" 200 0
INFO 2026-03-25 15:25:39,377 log "GET /api/tutorials/ HTTP/1.1" 200 2
WARNING 2026-03-25 15:25:49,223 log Not Found: /ws/analysis/
WARNING 2026-03-25 15:25:49,232 log "GET /ws/analysis/ HTTP/1.1" 404 3601
WARNING 2026-03-25 15:25:51,666 log Not Found: /api/analysis/risk-trends/
WARNING 2026-03-25 15:25:51,674 log "GET /api/analysis/risk-trends/ HTTP/1.1" 404 3769
WARNING 2026-03-25 15:25:51,769 log Not Found: /api/analysis/
WARNING 2026-03-25 15:25:51,769 log "GET /api/analysis/ HTTP/1.1" 404 3733
INFO 2026-03-25 15:33:48,223 log "OPTIONS /api/uploads/upload/ HTTP/1.1" 200 0
ERROR 2026-03-25 15:33:50,106 log Internal Server Error: /api/uploads/upload/
ERROR 2026-03-25 15:33:50,137 log "POST /api/uploads/upload/ HTTP/1.1" 500 50
ERROR 2026-03-25 15:33:54,117 log Internal Server Error: /api/uploads/upload/
ERROR 2026-03-25 15:33:54,117 log "POST /api/uploads/upload/ HTTP/1.1" 500 50
ERROR 2026-03-25 15:33:59,225 log Internal Server Error: /api/uploads/upload/
ERROR 2026-03-25 15:33:59,227 log "POST /api/uploads/upload/ HTTP/1.1" 500 50
ERROR 2026-03-25 15:33:59,247 log Internal Server Error: /api/uploads/upload/
ERROR 2026-03-25 15:33:59,247 log "POST /api/uploads/upload/ HTTP/1.1" 500 50
ERROR 2026-03-25 15:33:59,599 log Internal Server Error: /api/uploads/upload/
ERROR 2026-03-25 15:33:59,635 log "POST /api/uploads/upload/ HTTP/1.1" 500 50
INFO 2026-03-25 15:34:07,224 log "GET /api/tutorials/ HTTP/1.1" 200 2
WARNING 2026-03-25 15:34:12,714 log Not Found: /api/analysis/risk-trends/
WARNING 2026-03-25 15:34:12,724 log Not Found: /api/analysis/
WARNING 2026-03-25 15:34:12,726 log "GET /api/analysis/risk-trends/ HTTP/1.1" 404 3769
WARNING 2026-03-25 15:34:12,726 log "GET /api/analysis/ HTTP/1.1" 404 3733
WARNING 2026-03-25 15:34:12,774 log Not Found: /ws/analysis/
WARNING 2026-03-25 15:34:12,819 log "GET /ws/analysis/ HTTP/1.1" 404 3601
WARNING 2026-03-25 15:34:24,153 log Not Found: /ws/analysis/
WARNING 2026-03-25 15:34:24,163 log Not Found: /api/analysis/risk-trends/
WARNING 2026-03-25 15:34:24,174 log Not Found: /api/analysis/
WARNING 2026-03-25 15:34:24,194 log "GET /ws/analysis/ HTTP/1.1" 404 3601
WARNING 2026-03-25 15:34:24,298 log "GET /api/analysis/risk-trends/ HTTP/1.1" 404 3769
WARNING 2026-03-25 15:34:24,308 log "GET /api/analysis/ HTTP/1.1" 404 3733
INFO 2026-03-26 14:33:54,914 log "GET /admin/ HTTP/1.1" 200 16774
INFO 2026-03-26 14:33:58,669 log "GET /static/admin/css/dark_mode.css HTTP/1.1" 304 0
INFO 2026-03-26 14:33:58,823 log "GET /static/admin/css/base.css HTTP/1.1" 304 0
INFO 2026-03-26 14:33:59,005 log "GET /static/admin/css/responsive.css HTTP/1.1" 304 0
INFO 2026-03-26 14:33:59,432 log "GET /static/admin/css/dashboard.css HTTP/1.1" 304 0
INFO 2026-03-26 14:33:59,699 log "GET /static/admin/css/nav_sidebar.css HTTP/1.1" 304 0
INFO 2026-03-26 14:33:59,974 log "GET /static/admin/js/theme.js HTTP/1.1" 304 0
INFO 2026-03-26 14:34:02,006 log "GET /static/admin/img/icon-changelink.svg HTTP/1.1" 304 0
INFO 2026-03-26 14:34:02,197 log "GET /static/admin/img/icon-addlink.svg HTTP/1.1" 304 0
INFO 2026-03-26 14:34:02,461 log "GET /static/admin/js/nav_sidebar.js HTTP/1.1" 304 0
INFO 2026-03-26 14:34:17,549 log "GET /admin/cve/cvematch/add/ HTTP/1.1" 200 20387
INFO 2026-03-26 14:34:18,029 log "GET /static/admin/js/jquery.init.js HTTP/1.1" 304 0
INFO 2026-03-26 14:34:18,039 log "GET /static/admin/css/forms.css HTTP/1.1" 304 0
INFO 2026-03-26 14:34:18,315 log "GET /static/admin/js/actions.js HTTP/1.1" 304 0
INFO 2026-03-26 14:34:18,326 log "GET /static/admin/js/prepopulate.js HTTP/1.1" 304 0
INFO 2026-03-26 14:34:18,347 log "GET /static/admin/js/urlify.js HTTP/1.1" 304 0
INFO 2026-03-26 14:34:18,540 log "GET /admin/jsi18n/ HTTP/1.1" 200 3342
INFO 2026-03-26 14:34:18,833 log "GET /static/admin/js/core.js HTTP/1.1" 304 0
INFO 2026-03-26 14:34:18,833 log "GET /static/admin/js/vendor/jquery/jquery.js HTTP/1.1" 304 0
INFO 2026-03-26 14:34:18,945 log "GET /static/admin/css/widgets.css HTTP/1.1" 304 0
INFO 2026-03-26 14:34:19,344 log "GET /static/admin/js/admin/RelatedObjectLookups.js HTTP/1.1" 304 0
INFO 2026-03-26 14:34:19,823 log "GET /static/admin/js/vendor/xregexp/xregexp.js HTTP/1.1" 304 0
INFO 2026-03-26 14:34:26,832 log "GET /static/admin/img/icon-viewlink.svg HTTP/1.1" 304 0
INFO 2026-03-26 14:34:26,975 log "GET /static/admin/js/prepopulate_init.js HTTP/1.1" 304 0
INFO 2026-03-26 14:34:27,295 log "GET /static/admin/js/change_form.js HTTP/1.1" 304 0
INFO 2026-03-26 14:34:44,967 log "GET /admin/cve/ HTTP/1.1" 200 5962
INFO 2026-03-26 14:34:48,078 log "GET /admin/ HTTP/1.1" 200 16774
INFO 2026-03-26 14:42:38,102 log "GET /admin/yara_engine/yaramatch/add/ HTTP/1.1" 200 20492
INFO 2026-03-26 14:42:38,964 log "GET /admin/jsi18n/ HTTP/1.1" 200 3342
INFO 2026-03-26 14:42:46,669 log "GET /admin/ HTTP/1.1" 200 16774
INFO 2026-03-26 14:42:49,687 log "GET /admin/yara_engine/yararule/add/ HTTP/1.1" 200 18299
INFO 2026-03-26 14:42:50,269 log "GET /admin/jsi18n/ HTTP/1.1" 200 3342
INFO 2026-03-26 14:43:29,873 log "GET /admin/ HTTP/1.1" 200 16774
INFO 2026-03-26 14:43:42,877 log "GET /admin/tutorials/tutorial/add/ HTTP/1.1" 200 19069
INFO 2026-03-26 14:43:43,409 log "GET /admin/jsi18n/ HTTP/1.1" 200 3342
INFO 2026-03-26 14:46:30,985 log "POST /admin/tutorials/tutorial/add/ HTTP/1.1" 302 0
INFO 2026-03-26 14:46:31,607 log "GET /admin/tutorials/tutorial/ HTTP/1.1" 200 19606
INFO 2026-03-26 14:46:32,269 log "GET /admin/jsi18n/ HTTP/1.1" 200 3342
INFO 2026-03-26 14:46:32,949 log "GET /static/admin/css/changelists.css HTTP/1.1" 200 7498
INFO 2026-03-26 14:46:33,448 log "GET /static/admin/img/search.svg HTTP/1.1" 200 607
INFO 2026-03-26 14:46:33,788 log "GET /static/admin/js/filters.js HTTP/1.1" 200 978
INFO 2026-03-26 14:46:33,912 log "GET /static/admin/img/icon-yes.svg HTTP/1.1" 200 558
INFO 2026-03-26 14:46:34,109 log "GET /static/admin/img/tooltag-add.svg HTTP/1.1" 200 593
WARNING 2026-03-26 14:46:43,798 log Not Found: /ws/analysis/
WARNING 2026-03-26 14:46:43,805 log "GET /ws/analysis/ HTTP/1.1" 404 3601
INFO 2026-03-26 14:46:43,827 log "OPTIONS /api/analysis/risk-trends/ HTTP/1.1" 200 0
INFO 2026-03-26 14:46:43,928 log "OPTIONS /api/analysis/ HTTP/1.1" 200 0
WARNING 2026-03-26 14:47:11,064 log Not Found: /api/analysis/risk-trends/
WARNING 2026-03-26 14:47:11,074 log Not Found: /api/analysis/
WARNING 2026-03-26 14:47:11,095 log "GET /api/analysis/risk-trends/ HTTP/1.1" 404 3769
WARNING 2026-03-26 14:47:11,156 log Not Found: /ws/analysis/
WARNING 2026-03-26 14:47:11,166 log "GET /api/analysis/ HTTP/1.1" 404 3733
WARNING 2026-03-26 14:47:11,166 log "GET /ws/analysis/ HTTP/1.1" 404 3601
INFO 2026-03-26 14:47:36,385 log "OPTIONS /api/tutorials/ HTTP/1.1" 200 0
WARNING 2026-03-26 14:47:36,456 log Unauthorized: /api/tutorials/
WARNING 2026-03-26 14:47:36,487 log "GET /api/tutorials/ HTTP/1.1" 401 172
INFO 2026-03-26 14:47:59,008 log "OPTIONS /api/token/ HTTP/1.1" 200 0
INFO 2026-03-26 14:48:02,999 log "POST /api/token/ HTTP/1.1" 200 489
WARNING 2026-03-26 14:48:03,576 log Not Found: /ws/analysis/
WARNING 2026-03-26 14:48:03,647 log "GET /ws/analysis/ HTTP/1.1" 404 3601
WARNING 2026-03-26 14:48:03,679 log Not Found: /api/analysis/risk-trends/
WARNING 2026-03-26 14:48:03,687 log Not Found: /api/analysis/
WARNING 2026-03-26 14:48:03,738 log "GET /api/analysis/risk-trends/ HTTP/1.1" 404 3769
WARNING 2026-03-26 14:48:03,748 log "GET /api/analysis/ HTTP/1.1" 404 3733
INFO 2026-03-26 14:48:10,497 log "GET /api/tutorials/ HTTP/1.1" 200 525
INFO 2026-03-26 14:49:20,557 log "OPTIONS /api/uploads/upload/ HTTP/1.1" 200 0
ERROR 2026-03-26 14:49:20,713 log Internal Server Error: /api/uploads/upload/
ERROR 2026-03-26 14:49:20,764 log "POST /api/uploads/upload/ HTTP/1.1" 500 50
ERROR 2026-03-26 14:49:30,052 log Internal Server Error: /api/uploads/upload/
ERROR 2026-03-26 14:49:30,062 log "POST /api/uploads/upload/ HTTP/1.1" 500 50
WARNING 2026-03-26 14:49:32,801 log Not Found: /api/analysis/risk-trends/
WARNING 2026-03-26 14:49:32,812 log Not Found: /api/analysis/
WARNING 2026-03-26 14:49:32,820 log "GET /api/analysis/risk-trends/ HTTP/1.1" 404 3769
WARNING 2026-03-26 14:49:32,832 log Not Found: /ws/analysis/
WARNING 2026-03-26 14:49:32,832 log "GET /api/analysis/ HTTP/1.1" 404 3733
WARNING 2026-03-26 14:49:32,850 log "GET /ws/analysis/ HTTP/1.1" 404 3601
INFO 2026-03-26 15:25:50,042 log "GET /admin/tutorials/tutorial/ HTTP/1.1" 200 19365
INFO 2026-03-26 15:26:16,802 log "GET /admin/uploads/upload/add/ HTTP/1.1" 200 20663
INFO 2026-03-26 15:26:17,274 log "GET /admin/jsi18n/ HTTP/1.1" 200 3342
INFO 2026-03-26 15:27:06,068 log "POST /admin/uploads/upload/add/ HTTP/1.1" 302 0
INFO 2026-03-26 15:27:06,541 log "GET /admin/uploads/upload/ HTTP/1.1" 200 23361
INFO 2026-03-26 15:27:06,977 log "GET /admin/jsi18n/ HTTP/1.1" 200 3342
INFO 2026-03-26 15:27:36,882 log "POST /admin/uploads/upload/ HTTP/1.1" 302 0
INFO 2026-03-26 15:27:37,035 log "GET /admin/uploads/upload/ HTTP/1.1" 200 23283
INFO 2026-03-26 15:27:37,441 log "GET /admin/jsi18n/ HTTP/1.1" 200 3342
INFO 2026-03-26 15:27:37,739 log "GET /static/admin/img/icon-alert.svg HTTP/1.1" 200 684
INFO 2026-03-26 15:28:05,486 log "POST /admin/uploads/upload/ HTTP/1.1" 200 16202
INFO 2026-03-26 15:28:06,052 log "GET /static/admin/js/cancel.js HTTP/1.1" 200 884
INFO 2026-03-26 15:28:14,145 log "GET /admin/uploads/upload/ HTTP/1.1" 200 23158
INFO 2026-03-26 15:28:29,426 log "POST /admin/uploads/upload/ HTTP/1.1" 200 16778
INFO 2026-03-26 15:28:34,632 log "POST /admin/uploads/upload/ HTTP/1.1" 302 0
INFO 2026-03-26 15:28:34,738 log "GET /admin/uploads/upload/ HTTP/1.1" 200 21060
INFO 2026-03-26 15:28:35,192 log "GET /admin/jsi18n/ HTTP/1.1" 200 3342
INFO 2026-03-26 15:28:51,280 log "POST /admin/uploads/upload/ HTTP/1.1" 200 16193
INFO 2026-03-26 15:28:53,330 log "POST /admin/uploads/upload/ HTTP/1.1" 302 0
INFO 2026-03-26 15:28:53,423 log "GET /admin/uploads/upload/ HTTP/1.1" 200 20627
INFO 2026-03-26 15:28:53,819 log "GET /admin/jsi18n/ HTTP/1.1" 200 3342
INFO 2026-03-26 15:29:07,186 log "GET /admin/feedback/feedback/ HTTP/1.1" 200 17765
INFO 2026-03-26 15:29:07,628 log "GET /admin/jsi18n/ HTTP/1.1" 200 3342
INFO 2026-03-26 15:29:33,240 log "GET /admin/ HTTP/1.1" 200 19407
INFO 2026-03-26 15:29:33,985 log "GET /static/admin/img/icon-deletelink.svg HTTP/1.1" 200 689
INFO 2026-03-26 15:30:14,741 log "GET /admin/yara_engine/yaramatch/add/ HTTP/1.1" 200 20492
INFO 2026-03-26 15:30:15,611 log "GET /admin/jsi18n/ HTTP/1.1" 200 3342
INFO 2026-03-26 15:30:30,192 log "GET /admin/yara_engine/ HTTP/1.1" 200 6156
INFO 2026-03-26 15:30:32,693 log "GET /admin/yara_engine/yararule/add/ HTTP/1.1" 200 18299
INFO 2026-03-26 15:30:33,049 log "GET /admin/jsi18n/ HTTP/1.1" 200 3342
INFO 2026-03-26 15:32:32,930 log "POST /admin/yara_engine/yararule/add/ HTTP/1.1" 302 0
INFO 2026-03-26 15:32:33,052 log "GET /admin/yara_engine/yararule/ HTTP/1.1" 200 18603
INFO 2026-03-26 15:32:33,545 log "GET /admin/jsi18n/ HTTP/1.1" 200 3342
INFO 2026-03-26 15:33:05,056 log "POST /admin/logout/ HTTP/1.1" 200 3475
INFO 2026-03-26 21:43:49,159 log "OPTIONS /api/users/profile/ HTTP/1.1" 200 0
WARNING 2026-03-26 21:43:49,386 log Unauthorized: /api/users/profile/
WARNING 2026-03-26 21:43:49,397 log "GET /api/users/profile/ HTTP/1.1" 401 172
INFO 2026-03-26 21:44:58,120 log "OPTIONS /api/token/ HTTP/1.1" 200 0
INFO 2026-03-26 21:45:01,732 log "POST /api/token/ HTTP/1.1" 200 489
INFO 2026-03-26 21:45:02,205 log "GET /api/users/profile/ HTTP/1.1" 200 418
INFO 2026-03-26 21:45:02,409 log "GET /api/users/profile/ HTTP/1.1" 200 418
INFO 2026-03-26 21:45:02,645 log "OPTIONS /api/analysis/risk-trends/ HTTP/1.1" 200 0
INFO 2026-03-26 21:45:02,941 log "OPTIONS /api/analysis/ HTTP/1.1" 200 0
WARNING 2026-03-26 21:45:03,080 log Not Found: /api/analysis/risk-trends/
WARNING 2026-03-26 21:45:03,082 log Not Found: /api/analysis/
WARNING 2026-03-26 21:45:03,093 log Not Found: /ws/analysis/
WARNING 2026-03-26 21:45:03,117 log "GET /api/analysis/risk-trends/ HTTP/1.1" 404 3769
WARNING 2026-03-26 21:45:03,239 log "GET /api/analysis/ HTTP/1.1" 404 3733
WARNING 2026-03-26 21:45:03,260 log "GET /ws/analysis/ HTTP/1.1" 404 3601
INFO 2026-03-26 21:45:49,010 log "OPTIONS /api/tutorials/ HTTP/1.1" 200 0
INFO 2026-03-26 21:45:49,259 log "GET /api/tutorials/ HTTP/1.1" 200 525
INFO 2026-03-26 21:46:32,385 log "OPTIONS /api/uploads/upload/ HTTP/1.1" 200 0
ERROR 2026-03-26 21:46:32,472 log Internal Server Error: /api/uploads/upload/
ERROR 2026-03-26 21:46:32,515 log "POST /api/uploads/upload/ HTTP/1.1" 500 50
WARNING 2026-03-26 21:47:20,559 log Not Found: /api/analysis/risk-trends/
WARNING 2026-03-26 21:47:20,571 log Not Found: /api/analysis/
WARNING 2026-03-26 21:47:20,634 log "GET /api/analysis/risk-trends/ HTTP/1.1" 404 3769
WARNING 2026-03-26 21:47:20,634 log "GET /api/analysis/ HTTP/1.1" 404 3733
WARNING 2026-03-26 21:47:20,727 log Not Found: /ws/analysis/
WARNING 2026-03-26 21:47:20,816 log "GET /ws/analysis/ HTTP/1.1" 404 3601
INFO 2026-03-26 21:48:20,981 log "GET /api/users/profile/ HTTP/1.1" 200 418
INFO 2026-03-26 21:48:21,170 log "GET /api/users/profile/ HTTP/1.1" 200 418
WARNING 2026-03-26 21:48:21,428 log Not Found: /api/analysis/risk-trends/
WARNING 2026-03-26 21:48:21,443 log Not Found: /api/analysis/
WARNING 2026-03-26 21:48:21,507 log "GET /api/analysis/risk-trends/ HTTP/1.1" 404 3769
WARNING 2026-03-26 21:48:21,510 log "GET /api/analysis/ HTTP/1.1" 404 3733
WARNING 2026-03-26 21:48:21,551 log Not Found: /ws/analysis/
WARNING 2026-03-26 21:48:21,641 log "GET /ws/analysis/ HTTP/1.1" 404 3601
INFO 2026-03-26 21:48:21,669 basehttp - Broken pipe from ('127.0.0.1', 51915)
INFO 2026-03-26 22:12:47,499 autoreload Watching for file changes with StatReloader
WARNING 2026-03-26 22:13:04,671 log Not Found: /
WARNING 2026-03-26 22:13:04,755 log "GET / HTTP/1.1" 404 3547
INFO 2026-03-26 22:13:12,515 log "GET /admin/ HTTP/1.1" 302 0
INFO 2026-03-26 22:13:14,026 log "GET /admin/login/?next=/admin/ HTTP/1.1" 200 4080
INFO 2026-03-26 22:13:14,604 log "GET /static/admin/css/login.css HTTP/1.1" 304 0
INFO 2026-03-26 22:13:14,604 log "GET /static/admin/css/dark_mode.css HTTP/1.1" 304 0
INFO 2026-03-26 22:13:14,802 log "GET /static/admin/css/responsive.css HTTP/1.1" 304 0
INFO 2026-03-26 22:13:14,817 log "GET /static/admin/js/theme.js HTTP/1.1" 304 0
INFO 2026-03-26 22:13:14,989 log "GET /static/admin/css/nav_sidebar.css HTTP/1.1" 304 0
INFO 2026-03-26 22:13:15,150 log "GET /static/admin/css/base.css HTTP/1.1" 304 0
INFO 2026-03-26 22:13:15,728 log "GET /static/admin/js/nav_sidebar.js HTTP/1.1" 304 0
INFO 2026-03-27 00:44:12,738 autoreload Watching for file changes with StatReloader
WARNING 2026-03-27 00:44:33,276 log Not Found: /
WARNING 2026-03-27 00:44:33,292 log "GET / HTTP/1.1" 404 3547
WARNING 2026-03-27 00:59:46,407 log Unauthorized: /api/uploads/upload/
WARNING 2026-03-27 00:59:46,481 log "GET /api/uploads/upload/ HTTP/1.1" 401 3773
INFO 2026-03-27 00:59:47,169 log "GET /static/rest_framework/css/bootstrap.min.css HTTP/1.1" 304 0
INFO 2026-03-27 00:59:47,171 log "GET /static/rest_framework/css/bootstrap-tweaks.css HTTP/1.1" 304 0
INFO 2026-03-27 00:59:47,328 log "GET /static/rest_framework/js/bootstrap.min.js HTTP/1.1" 304 0
INFO 2026-03-27 00:59:47,331 log "GET /static/rest_framework/js/csrf.js HTTP/1.1" 304 0
INFO 2026-03-27 00:59:47,533 log "GET /static/rest_framework/js/prettify-min.js HTTP/1.1" 304 0
INFO 2026-03-27 00:59:47,538 log "GET /static/rest_framework/js/default.js HTTP/1.1" 304 0
INFO 2026-03-27 00:59:47,677 log "GET /static/rest_framework/js/load-ajax-form.js HTTP/1.1" 304 0
INFO 2026-03-27 00:59:47,717 log "GET /static/rest_framework/css/prettify.css HTTP/1.1" 304 0
INFO 2026-03-27 00:59:47,853 log "GET /static/rest_framework/css/default.css HTTP/1.1" 304 0
INFO 2026-03-27 00:59:48,185 log "GET /static/rest_framework/js/ajax-form.js HTTP/1.1" 304 0
INFO 2026-03-27 00:59:48,395 log "GET /static/rest_framework/img/grid.png HTTP/1.1" 304 0
INFO 2026-03-27 00:59:48,419 log "GET /static/rest_framework/js/jquery-3.7.1.min.js HTTP/1.1" 304 0
INFO 2026-03-27 01:03:47,488 autoreload C:\capstone_project\backend\threat_intel\apps\cve\utils.py changed, reloading.
INFO 2026-03-27 01:04:17,832 autoreload Watching for file changes with StatReloader
INFO 2026-03-27 01:28:48,418 autoreload Watching for file changes with StatReloader
INFO 2026-03-27 01:34:09,490 autoreload C:\capstone_project\backend\threat_intel\apps\cve\utils.py changed, reloading.
INFO 2026-03-27 01:34:25,760 autoreload Watching for file changes with StatReloader
INFO 2026-03-27 01:42:03,918 autoreload C:\capstone_project\backend\threat_intel\threat_intel\settings.py changed, reloading.
INFO 2026-03-27 01:42:12,265 autoreload Watching for file changes with StatReloader
WARNING 2026-03-27 01:43:42,381 log Not Found: /
WARNING 2026-03-27 01:43:42,455 log "GET / HTTP/1.1" 404 3547
INFO 2026-03-27 01:43:56,005 log "GET /admin/ HTTP/1.1" 302 0
INFO 2026-03-27 01:43:56,747 log "GET /admin/login/?next=/admin/ HTTP/1.1" 200 4080
INFO 2026-03-27 01:44:24,066 log "POST /admin/login/?next=/admin/ HTTP/1.1" 200 4252
INFO 2026-03-27 01:45:15,654 log "POST /admin/login/?next=/admin/ HTTP/1.1" 302 0
INFO 2026-03-27 01:45:15,842 log "GET /admin/ HTTP/1.1" 200 19783
INFO 2026-03-27 01:45:16,388 log "GET /static/admin/css/dashboard.css HTTP/1.1" 304 0
INFO 2026-03-27 01:45:16,694 log "GET /static/admin/img/icon-deletelink.svg HTTP/1.1" 304 0
INFO 2026-03-27 01:45:16,696 log "GET /static/admin/img/icon-changelink.svg HTTP/1.1" 304 0
INFO 2026-03-27 01:45:16,884 log "GET /static/admin/img/icon-addlink.svg HTTP/1.1" 304 0
INFO 2026-03-27 01:46:23,566 log "OPTIONS /api/users/profile/ HTTP/1.1" 200 0
WARNING 2026-03-27 01:46:23,798 log Unauthorized: /api/users/profile/
WARNING 2026-03-27 01:46:23,869 log "GET /api/users/profile/ HTTP/1.1" 401 172
INFO 2026-03-27 01:46:46,922 log "OPTIONS /api/token/ HTTP/1.1" 200 0
INFO 2026-03-27 01:46:51,046 log "POST /api/token/ HTTP/1.1" 200 489
INFO 2026-03-27 01:46:51,163 log "GET /api/users/profile/ HTTP/1.1" 200 418
INFO 2026-03-27 01:46:51,367 log "OPTIONS /api/analysis/risk-trends/ HTTP/1.1" 200 0
INFO 2026-03-27 01:46:51,518 log "GET /api/users/profile/ HTTP/1.1" 200 418
WARNING 2026-03-27 01:46:51,569 log Not Found: /api/analysis/risk-trends/
WARNING 2026-03-27 01:46:51,608 log Not Found: /ws/analysis/
WARNING 2026-03-27 01:46:51,655 log "GET /api/analysis/risk-trends/ HTTP/1.1" 404 3769
INFO 2026-03-27 01:46:51,681 log "OPTIONS /api/analysis/ HTTP/1.1" 200 0
WARNING 2026-03-27 01:46:51,737 log "GET /ws/analysis/ HTTP/1.1" 404 3601
WARNING 2026-03-27 01:46:51,854 log Not Found: /api/analysis/
WARNING 2026-03-27 01:46:52,004 log "GET /api/analysis/ HTTP/1.1" 404 3733
INFO 2026-03-27 01:47:26,900 log "OPTIONS /api/uploads/upload/ HTTP/1.1" 200 0
ERROR 2026-03-27 01:47:26,981 log Internal Server Error: /api/uploads/upload/
ERROR 2026-03-27 01:47:27,019 log "POST /api/uploads/upload/ HTTP/1.1" 500 50
ERROR 2026-03-27 01:47:50,018 log Internal Server Error: /api/uploads/upload/
ERROR 2026-03-27 01:47:50,018 log "POST /api/uploads/upload/ HTTP/1.1" 500 50
WARNING 2026-03-27 02:44:55,726 log Not Found: /ws/analysis/
WARNING 2026-03-27 02:44:55,747 log "GET /ws/analysis/ HTTP/1.1" 404 3601
WARNING 2026-03-27 02:44:56,152 log Not Found: /ws/analysis/
WARNING 2026-03-27 02:44:56,156 log "GET /ws/analysis/ HTTP/1.1" 404 3601
WARNING 2026-03-27 02:45:02,429 log Not Found: /api/analysis/
WARNING 2026-03-27 02:45:02,459 log Not Found: /api/analysis/risk-trends/
WARNING 2026-03-27 02:45:02,461 log "GET /api/analysis/ HTTP/1.1" 404 3733
WARNING 2026-03-27 02:45:02,473 log "GET /api/analysis/risk-trends/ HTTP/1.1" 404 3769
WARNING 2026-03-27 02:45:07,983 log Not Found: /api/analysis/risk-trends/
WARNING 2026-03-27 02:45:07,990 log "GET /api/analysis/risk-trends/ HTTP/1.1" 404 3769
WARNING 2026-03-27 02:45:08,068 log Not Found: /api/analysis/
WARNING 2026-03-27 02:45:08,071 log "GET /api/analysis/ HTTP/1.1" 404 3733
WARNING 2026-03-27 02:45:46,673 log Not Found: /ws/analysis/
WARNING 2026-03-27 02:45:46,678 log "GET /ws/analysis/ HTTP/1.1" 404 3601
WARNING 2026-03-27 02:45:50,061 log Not Found: /api/analysis/risk-trends/
WARNING 2026-03-27 02:45:50,074 log Not Found: /api/analysis/
WARNING 2026-03-27 02:45:50,450 log "GET /api/analysis/risk-trends/ HTTP/1.1" 404 3769
WARNING 2026-03-27 02:45:50,457 log "GET /api/analysis/ HTTP/1.1" 404 3733
WARNING 2026-03-27 02:45:52,563 log Not Found: /ws/analysis/
WARNING 2026-03-27 02:45:52,570 log "GET /ws/analysis/ HTTP/1.1" 404 3601
INFO 2026-03-27 02:45:52,572 basehttp - Broken pipe from ('127.0.0.1', 61800)
WARNING 2026-03-27 02:45:54,060 log Not Found: /api/analysis/risk-trends/
WARNING 2026-03-27 02:45:54,064 log "GET /api/analysis/risk-trends/ HTTP/1.1" 404 3769
WARNING 2026-03-27 02:45:54,102 log Not Found: /api/analysis/
WARNING 2026-03-27 02:45:54,105 log "GET /api/analysis/ HTTP/1.1" 404 3733
WARNING 2026-03-27 02:46:01,595 log Not Found: /ws/analysis/
WARNING 2026-03-27 02:46:01,611 log Not Found: /api/analysis/risk-trends/
WARNING 2026-03-27 02:46:01,624 log Not Found: /api/analysis/
WARNING 2026-03-27 02:46:01,635 log "GET /ws/analysis/ HTTP/1.1" 404 3601
WARNING 2026-03-27 02:46:01,727 log "GET /api/analysis/risk-trends/ HTTP/1.1" 404 3769
WARNING 2026-03-27 02:46:01,965 log "GET /api/analysis/ HTTP/1.1" 404 3733
INFO 2026-03-27 02:47:50,055 log "OPTIONS /api/tutorials/ HTTP/1.1" 200 0
WARNING 2026-03-27 02:47:50,082 log Unauthorized: /api/tutorials/
WARNING 2026-03-27 02:47:50,087 log "GET /api/tutorials/ HTTP/1.1" 401 172
INFO 2026-03-27 02:48:24,206 log "POST /api/token/ HTTP/1.1" 200 489
WARNING 2026-03-27 02:48:24,477 log Not Found: /api/analysis/
WARNING 2026-03-27 02:48:24,486 log Not Found: /api/analysis/risk-trends/
WARNING 2026-03-27 02:48:24,500 log Not Found: /ws/analysis/
WARNING 2026-03-27 02:48:24,504 log "GET /api/analysis/ HTTP/1.1" 404 3733
WARNING 2026-03-27 02:48:24,510 log "GET /api/analysis/risk-trends/ HTTP/1.1" 404 3769
WARNING 2026-03-27 02:48:24,514 log "GET /ws/analysis/ HTTP/1.1" 404 3601
INFO 2026-03-27 02:48:24,556 basehttp - Broken pipe from ('127.0.0.1', 62109)
INFO 2026-03-27 02:48:29,834 log "GET /api/tutorials/ HTTP/1.1" 200 525
INFO 2026-03-27 02:57:40,925 autoreload C:\capstone_project\backend\threat_intel\apps\analysis\urls.py changed, reloading.
INFO 2026-03-27 02:57:58,478 autoreload Watching for file changes with StatReloader
INFO 2026-03-27 03:06:17,920 autoreload C:\capstone_project\backend\threat_intel\apps\analysis\views.py changed, reloading.
INFO 2026-03-27 03:06:36,788 autoreload Watching for file changes with StatReloader
WARNING 2026-03-27 03:06:57,974 log Not Found: /
WARNING 2026-03-27 03:06:58,023 log "GET / HTTP/1.1" 404 3547
INFO 2026-03-27 03:07:36,539 log "POST /api/token/ HTTP/1.1" 200 489
INFO 2026-03-27 03:07:37,022 log "GET /api/analysis/risk-trends/ HTTP/1.1" 200 129
WARNING 2026-03-27 03:07:37,089 log Not Found: /ws/analysis/
WARNING 2026-03-27 03:07:37,118 log "GET /ws/analysis/ HTTP/1.1" 404 3601
INFO 2026-03-27 03:07:37,288 log "GET /api/analysis/ HTTP/1.1" 200 2
INFO 2026-03-27 03:07:52,654 log "GET /api/tutorials/ HTTP/1.1" 200 525
INFO 2026-03-27 03:07:57,152 log "GET /api/analysis/risk-trends/ HTTP/1.1" 200 129
INFO 2026-03-27 03:07:57,155 log "GET /api/analysis/ HTTP/1.1" 200 2
WARNING 2026-03-27 03:07:57,325 log Not Found: /ws/analysis/
WARNING 2026-03-27 03:07:57,342 log "GET /ws/analysis/ HTTP/1.1" 404 3601
INFO 2026-03-30 21:51:25,997 autoreload Watching for file changes with StatReloader
INFO 2026-03-30 21:56:01,296 autoreload Watching for file changes with StatReloader
INFO 2026-03-30 22:04:33,880 autoreload Watching for file changes with StatReloader
INFO 2026-03-30 22:24:29,382 autoreload Watching for file changes with StatReloader
INFO 2026-03-30 23:53:44,918 autoreload Watching for file changes with StatReloader
INFO 2026-03-30 23:57:59,406 autoreload C:\capstone_project\backend\threat_intel\apps\analysis\models.py changed, reloading.
INFO 2026-03-30 23:58:11,354 autoreload Watching for file changes with StatReloader
INFO 2026-03-31 00:01:14,747 autoreload C:\capstone_project\backend\threat_intel\apps\uploads\tasks.py changed, reloading.
INFO 2026-03-31 00:01:23,775 autoreload Watching for file changes with StatReloader
INFO 2026-03-31 00:03:06,846 autoreload C:\capstone_project\backend\threat_intel\apps\uploads\tasks.py changed, reloading.
INFO 2026-03-31 00:03:22,072 autoreload Watching for file changes with StatReloader
WARNING 2026-03-31 00:03:36,044 log Not Found: /
WARNING 2026-03-31 00:03:36,134 log "GET / HTTP/1.1" 404 3547
WARNING 2026-03-31 00:03:38,560 log Not Found: /favicon.ico
WARNING 2026-03-31 00:03:38,780 log "GET /favicon.ico HTTP/1.1" 404 3598
INFO 2026-03-31 00:03:47,484 log "GET /admin/ HTTP/1.1" 200 19783
INFO 2026-03-31 00:03:49,417 log "GET /static/admin/css/dark_mode.css HTTP/1.1" 200 3538
INFO 2026-03-31 00:03:49,739 log "GET /static/admin/css/responsive.css HTTP/1.1" 200 16273
INFO 2026-03-31 00:03:49,758 log "GET /static/admin/css/base.css HTTP/1.1" 200 23100
INFO 2026-03-31 00:03:49,797 log "GET /static/admin/css/nav_sidebar.css HTTP/1.1" 200 2810
INFO 2026-03-31 00:03:49,913 log "GET /static/admin/js/theme.js HTTP/1.1" 200 1653
INFO 2026-03-31 00:03:49,947 log "GET /static/admin/css/dashboard.css HTTP/1.1" 200 441
INFO 2026-03-31 00:03:50,286 log "GET /static/admin/img/icon-addlink.svg HTTP/1.1" 200 593
INFO 2026-03-31 00:03:50,315 log "GET /static/admin/img/icon-changelink.svg HTTP/1.1" 200 978
INFO 2026-03-31 00:03:50,321 log "GET /static/admin/img/icon-deletelink.svg HTTP/1.1" 200 689
INFO 2026-03-31 00:03:50,359 log "GET /static/admin/js/nav_sidebar.js HTTP/1.1" 200 3063
INFO 2026-03-31 00:05:49,236 log "OPTIONS /api/token/ HTTP/1.1" 200 0
INFO 2026-03-31 00:05:52,537 log "POST /api/token/ HTTP/1.1" 200 489
WARNING 2026-03-31 01:13:07,141 log Unauthorized: /api/analysis/
WARNING 2026-03-31 01:13:07,174 log "GET /api/analysis/ HTTP/1.1" 401 58
WARNING 2026-03-31 01:13:11,394 log Unauthorized: /api/analysis/
WARNING 2026-03-31 01:13:11,396 log "GET /api/analysis/ HTTP/1.1" 401 58
WARNING 2026-03-31 01:13:16,392 log Unauthorized: /api/analysis/
WARNING 2026-03-31 01:13:16,393 log "GET /api/analysis/ HTTP/1.1" 401 58
WARNING 2026-03-31 01:13:21,392 log Unauthorized: /api/analysis/
WARNING 2026-03-31 01:13:21,393 log "GET /api/analysis/ HTTP/1.1" 401 58
WARNING 2026-03-31 01:13:26,383 log Unauthorized: /api/analysis/
WARNING 2026-03-31 01:13:26,387 log "GET /api/analysis/ HTTP/1.1" 401 58
WARNING 2026-03-31 01:13:31,403 log Unauthorized: /api/analysis/
WARNING 2026-03-31 01:13:31,415 log "GET /api/analysis/ HTTP/1.1" 401 58
WARNING 2026-03-31 01:13:36,532 log Unauthorized: /api/analysis/
WARNING 2026-03-31 01:13:36,655 log "GET /api/analysis/ HTTP/1.1" 401 58
WARNING 2026-03-31 01:13:41,395 log Unauthorized: /api/analysis/
WARNING 2026-03-31 01:13:41,397 log "GET /api/analysis/ HTTP/1.1" 401 58
WARNING 2026-03-31 01:13:46,408 log Unauthorized: /api/analysis/
WARNING 2026-03-31 01:13:46,413 log "GET /api/analysis/ HTTP/1.1" 401 58
WARNING 2026-03-31 01:13:51,385 log Unauthorized: /api/analysis/
WARNING 2026-03-31 01:13:51,391 log "GET /api/analysis/ HTTP/1.1" 401 58
WARNING 2026-03-31 01:13:56,393 log Unauthorized: /api/analysis/
WARNING 2026-03-31 01:13:56,395 log "GET /api/analysis/ HTTP/1.1" 401 58
WARNING 2026-03-31 01:14:01,384 log Unauthorized: /api/analysis/
WARNING 2026-03-31 01:14:01,387 log "GET /api/analysis/ HTTP/1.1" 401 58
WARNING 2026-03-31 01:14:06,426 log Unauthorized: /api/analysis/
WARNING 2026-03-31 01:14:06,431 log "GET /api/analysis/ HTTP/1.1" 401 58
WARNING 2026-03-31 01:14:11,424 log Unauthorized: /api/analysis/
WARNING 2026-03-31 01:14:11,426 log "GET /api/analysis/ HTTP/1.1" 401 58
WARNING 2026-03-31 01:14:16,381 log Unauthorized: /api/analysis/
WARNING 2026-03-31 01:14:16,384 log "GET /api/analysis/ HTTP/1.1" 401 58
WARNING 2026-03-31 01:14:21,399 log Unauthorized: /api/analysis/
WARNING 2026-03-31 01:14:21,409 log "GET /api/analysis/ HTTP/1.1" 401 58
WARNING 2026-03-31 01:14:26,391 log Unauthorized: /api/analysis/
WARNING 2026-03-31 01:14:26,393 log "GET /api/analysis/ HTTP/1.1" 401 58
WARNING 2026-03-31 01:14:31,391 log Unauthorized: /api/analysis/
WARNING 2026-03-31 01:14:31,393 log "GET /api/analysis/ HTTP/1.1" 401 58
WARNING 2026-03-31 01:14:36,394 log Unauthorized: /api/analysis/
WARNING 2026-03-31 01:14:36,396 log "GET /api/analysis/ HTTP/1.1" 401 58
WARNING 2026-03-31 01:14:41,391 log Unauthorized: /api/analysis/
WARNING 2026-03-31 01:14:41,394 log "GET /api/analysis/ HTTP/1.1" 401 58
WARNING 2026-03-31 01:14:46,400 log Unauthorized: /api/analysis/
WARNING 2026-03-31 01:14:46,405 log "GET /api/analysis/ HTTP/1.1" 401 58
WARNING 2026-03-31 01:14:51,463 log Unauthorized: /api/analysis/
WARNING 2026-03-31 01:14:51,487 log "GET /api/analysis/ HTTP/1.1" 401 58
WARNING 2026-03-31 01:14:56,418 log Unauthorized: /api/analysis/
WARNING 2026-03-31 01:14:56,427 log "GET /api/analysis/ HTTP/1.1" 401 58
WARNING 2026-03-31 01:15:01,678 log Unauthorized: /api/analysis/
WARNING 2026-03-31 01:15:01,864 log "GET /api/analysis/ HTTP/1.1" 401 58
WARNING 2026-03-31 01:15:06,390 log Unauthorized: /api/analysis/
WARNING 2026-03-31 01:15:06,392 log "GET /api/analysis/ HTTP/1.1" 401 58
WARNING 2026-03-31 01:15:11,388 log Unauthorized: /api/analysis/
WARNING 2026-03-31 01:15:11,392 log "GET /api/analysis/ HTTP/1.1" 401 58
WARNING 2026-03-31 01:15:16,389 log Unauthorized: /api/analysis/
WARNING 2026-03-31 01:15:16,392 log "GET /api/analysis/ HTTP/1.1" 401 58
WARNING 2026-03-31 01:15:22,122 log Unauthorized: /api/analysis/
WARNING 2026-03-31 01:15:22,297 log "GET /api/analysis/ HTTP/1.1" 401 58
WARNING 2026-03-31 01:15:27,543 log Unauthorized: /api/analysis/
WARNING 2026-03-31 01:15:27,809 log "GET /api/analysis/ HTTP/1.1" 401 58
WARNING 2026-03-31 01:15:31,980 log Unauthorized: /api/analysis/
WARNING 2026-03-31 01:15:32,008 log "GET /api/analysis/ HTTP/1.1" 401 58
WARNING 2026-03-31 01:15:36,946 log Unauthorized: /api/analysis/
WARNING 2026-03-31 01:15:36,950 log "GET /api/analysis/ HTTP/1.1" 401 58
WARNING 2026-03-31 01:15:41,951 log Unauthorized: /api/analysis/
WARNING 2026-03-31 01:15:41,952 log "GET /api/analysis/ HTTP/1.1" 401 58
WARNING 2026-03-31 01:15:46,968 log Unauthorized: /api/analysis/
WARNING 2026-03-31 01:15:46,972 log "GET /api/analysis/ HTTP/1.1" 401 58
WARNING 2026-03-31 01:15:51,955 log Unauthorized: /api/analysis/
WARNING 2026-03-31 01:15:51,961 log "GET /api/analysis/ HTTP/1.1" 401 58
WARNING 2026-03-31 01:15:56,970 log Unauthorized: /api/analysis/
WARNING 2026-03-31 01:15:56,996 log "GET /api/analysis/ HTTP/1.1" 401 58
WARNING 2026-03-31 01:16:01,969 log Unauthorized: /api/analysis/
WARNING 2026-03-31 01:16:01,992 log "GET /api/analysis/ HTTP/1.1" 401 58
WARNING 2026-03-31 01:16:06,978 log Unauthorized: /api/analysis/
WARNING 2026-03-31 01:16:06,991 log "GET /api/analysis/ HTTP/1.1" 401 58
WARNING 2026-03-31 01:16:11,966 log Unauthorized: /api/analysis/
WARNING 2026-03-31 01:16:12,047 log "GET /api/analysis/ HTTP/1.1" 401 58
WARNING 2026-03-31 01:16:17,635 log Unauthorized: /api/analysis/
WARNING 2026-03-31 01:16:17,909 log "GET /api/analysis/ HTTP/1.1" 401 58
WARNING 2026-03-31 01:16:25,606 log Unauthorized: /api/analysis/
WARNING 2026-03-31 01:16:26,037 log "GET /api/analysis/ HTTP/1.1" 401 58
WARNING 2026-03-31 01:16:27,927 log Unauthorized: /api/analysis/
WARNING 2026-03-31 01:16:28,136 log "GET /api/analysis/ HTTP/1.1" 401 58
WARNING 2026-03-31 01:16:35,116 log Unauthorized: /api/analysis/
WARNING 2026-03-31 01:16:35,450 log "GET /api/analysis/ HTTP/1.1" 401 58
WARNING 2026-03-31 01:16:47,553 log Unauthorized: /api/analysis/
WARNING 2026-03-31 01:16:47,773 log "GET /api/analysis/ HTTP/1.1" 401 58
WARNING 2026-03-31 01:16:50,517 log Unauthorized: /api/analysis/
WARNING 2026-03-31 01:16:50,590 log "GET /api/analysis/ HTTP/1.1" 401 58
INFO 2026-03-31 01:17:06,248 log "POST /api/token/ HTTP/1.1" 200 489
INFO 2026-03-31 01:17:15,429 log "GET /admin/ HTTP/1.1" 200 19783
INFO 2026-03-31 01:23:08,394 log "GET /admin/uploads/upload/add/ HTTP/1.1" 200 20663
INFO 2026-03-31 01:23:08,697 log "GET /admin/jsi18n/ HTTP/1.1" 200 3342
INFO 2026-03-31 01:23:09,893 log "GET /static/admin/js/actions.js HTTP/1.1" 200 8076
INFO 2026-03-31 01:23:09,897 log "GET /static/admin/js/admin/RelatedObjectLookups.js HTTP/1.1" 200 9777
INFO 2026-03-31 01:23:09,898 log "GET /static/admin/css/forms.css HTTP/1.1" 200 8831
INFO 2026-03-31 01:23:10,160 log "GET /static/admin/js/urlify.js HTTP/1.1" 200 7887
INFO 2026-03-31 01:23:10,187 log "GET /static/admin/js/prepopulate.js HTTP/1.1" 200 1531
INFO 2026-03-31 01:23:10,578 log "GET /static/admin/js/core.js HTTP/1.1" 200 6208
INFO 2026-03-31 01:23:10,693 log "GET /static/admin/js/vendor/xregexp/xregexp.js HTTP/1.1" 200 325171
INFO 2026-03-31 01:23:10,896 log "GET /static/admin/css/widgets.css HTTP/1.1" 200 11811
INFO 2026-03-31 01:23:10,901 log "GET /static/admin/js/jquery.init.js HTTP/1.1" 200 347
INFO 2026-03-31 01:23:11,410 log "GET /static/admin/js/vendor/jquery/jquery.js HTTP/1.1" 200 285314
INFO 2026-03-31 01:23:11,576 log "GET /static/admin/js/prepopulate_init.js HTTP/1.1" 200 586
INFO 2026-03-31 01:23:11,763 log "GET /static/admin/img/icon-viewlink.svg HTTP/1.1" 200 928
INFO 2026-03-31 01:23:11,831 log "GET /static/admin/js/change_form.js HTTP/1.1" 200 606
INFO 2026-03-31 01:23:43,100 log "POST /admin/uploads/upload/add/ HTTP/1.1" 200 21044
INFO 2026-03-31 01:23:43,575 log "GET /admin/jsi18n/ HTTP/1.1" 200 3342
INFO 2026-03-31 01:24:32,566 log "POST /admin/uploads/upload/add/ HTTP/1.1" 302 0
INFO 2026-03-31 01:24:33,112 log "GET /admin/uploads/upload/ HTTP/1.1" 200 22683
INFO 2026-03-31 01:24:33,790 log "GET /static/admin/css/changelists.css HTTP/1.1" 200 7498
INFO 2026-03-31 01:24:34,023 log "GET /admin/jsi18n/ HTTP/1.1" 200 3342
INFO 2026-03-31 01:24:34,525 log "GET /static/admin/img/search.svg HTTP/1.1" 200 607
INFO 2026-03-31 01:24:34,936 log "GET /static/admin/js/filters.js HTTP/1.1" 200 978
INFO 2026-03-31 01:24:35,084 log "GET /static/admin/img/icon-yes.svg HTTP/1.1" 200 558
INFO 2026-03-31 01:24:35,789 log "GET /static/admin/img/tooltag-add.svg HTTP/1.1" 200 593
WARNING 2026-03-31 01:25:14,315 log Unauthorized: /api/analysis/
WARNING 2026-03-31 01:25:14,332 log "GET /api/analysis/ HTTP/1.1" 401 58
WARNING 2026-03-31 01:25:18,952 log Unauthorized: /api/analysis/
WARNING 2026-03-31 01:25:18,954 log "GET /api/analysis/ HTTP/1.1" 401 58
WARNING 2026-03-31 01:25:21,831 log Unauthorized: /api/analysis/
WARNING 2026-03-31 01:25:21,849 log "GET /api/analysis/ HTTP/1.1" 401 58
WARNING 2026-03-31 01:25:22,076 log Unauthorized: /api/analysis/
WARNING 2026-03-31 01:25:22,229 log "GET /api/analysis/ HTTP/1.1" 401 58
WARNING 2026-03-31 01:25:24,230 log Unauthorized: /api/analysis/
WARNING 2026-03-31 01:25:24,232 log "GET /api/analysis/ HTTP/1.1" 401 58
WARNING 2026-03-31 01:25:26,953 log Unauthorized: /api/analysis/
WARNING 2026-03-31 01:25:26,956 log "GET /api/analysis/ HTTP/1.1" 401 58
WARNING 2026-03-31 01:25:29,228 log Unauthorized: /api/analysis/
WARNING 2026-03-31 01:25:29,230 log "GET /api/analysis/ HTTP/1.1" 401 58
WARNING 2026-03-31 01:25:31,959 log Unauthorized: /api/analysis/
WARNING 2026-03-31 01:25:31,964 log "GET /api/analysis/ HTTP/1.1" 401 58
WARNING 2026-03-31 01:25:34,229 log Unauthorized: /api/analysis/
WARNING 2026-03-31 01:25:34,231 log "GET /api/analysis/ HTTP/1.1" 401 58
WARNING 2026-03-31 01:25:36,959 log Unauthorized: /api/analysis/
WARNING 2026-03-31 01:25:36,964 log "GET /api/analysis/ HTTP/1.1" 401 58
WARNING 2026-03-31 01:25:39,231 log Unauthorized: /api/analysis/
WARNING 2026-03-31 01:25:39,233 log "GET /api/analysis/ HTTP/1.1" 401 58
WARNING 2026-03-31 01:25:41,990 log Unauthorized: /api/analysis/
WARNING 2026-03-31 01:25:42,006 log "GET /api/analysis/ HTTP/1.1" 401 58
WARNING 2026-03-31 01:25:44,800 log Unauthorized: /api/analysis/
WARNING 2026-03-31 01:25:44,802 log "GET /api/analysis/ HTTP/1.1" 401 58
WARNING 2026-03-31 01:25:46,957 log Unauthorized: /api/analysis/
WARNING 2026-03-31 01:25:46,960 log "GET /api/analysis/ HTTP/1.1" 401 58
WARNING 2026-03-31 01:25:49,231 log Unauthorized: /api/analysis/
WARNING 2026-03-31 01:25:49,233 log "GET /api/analysis/ HTTP/1.1" 401 58
WARNING 2026-03-31 01:25:51,955 log Unauthorized: /api/analysis/
WARNING 2026-03-31 01:25:51,956 log "GET /api/analysis/ HTTP/1.1" 401 58
WARNING 2026-03-31 01:25:54,229 log Unauthorized: /api/analysis/
WARNING 2026-03-31 01:25:54,233 log "GET /api/analysis/ HTTP/1.1" 401 58
WARNING 2026-03-31 01:25:56,947 log Unauthorized: /api/analysis/
WARNING 2026-03-31 01:25:56,950 log "GET /api/analysis/ HTTP/1.1" 401 58
WARNING 2026-03-31 01:25:59,248 log Unauthorized: /api/analysis/
WARNING 2026-03-31 01:25:59,250 log "GET /api/analysis/ HTTP/1.1" 401 58
WARNING 2026-03-31 01:26:01,960 log Unauthorized: /api/analysis/
WARNING 2026-03-31 01:26:01,961 log "GET /api/analysis/ HTTP/1.1" 401 58
WARNING 2026-03-31 01:26:05,496 log Unauthorized: /api/analysis/
WARNING 2026-03-31 01:26:05,502 log "GET /api/analysis/ HTTP/1.1" 401 58
WARNING 2026-03-31 01:26:06,962 log Unauthorized: /api/analysis/
WARNING 2026-03-31 01:26:06,963 log "GET /api/analysis/ HTTP/1.1" 401 58
WARNING 2026-03-31 01:26:09,227 log Unauthorized: /api/analysis/
WARNING 2026-03-31 01:26:09,230 log "GET /api/analysis/ HTTP/1.1" 401 58
WARNING 2026-03-31 01:26:11,959 log Unauthorized: /api/analysis/
WARNING 2026-03-31 01:26:11,961 log "GET /api/analysis/ HTTP/1.1" 401 58
WARNING 2026-03-31 01:26:14,228 log Unauthorized: /api/analysis/
WARNING 2026-03-31 01:26:14,230 log "GET /api/analysis/ HTTP/1.1" 401 58
WARNING 2026-03-31 01:26:16,955 log Unauthorized: /api/analysis/
WARNING 2026-03-31 01:26:16,959 log "GET /api/analysis/ HTTP/1.1" 401 58
WARNING 2026-03-31 01:26:19,227 log Unauthorized: /api/analysis/
WARNING 2026-03-31 01:26:19,232 log "GET /api/analysis/ HTTP/1.1" 401 58
WARNING 2026-03-31 01:26:22,235 log Unauthorized: /api/analysis/
WARNING 2026-03-31 01:26:22,453 log "GET /api/analysis/ HTTP/1.1" 401 58
WARNING 2026-03-31 01:26:26,958 log Unauthorized: /api/analysis/
WARNING 2026-03-31 01:26:26,960 log "GET /api/analysis/ HTTP/1.1" 401 58
WARNING 2026-03-31 01:26:31,972 log Unauthorized: /api/analysis/
WARNING 2026-03-31 01:26:31,975 log "GET /api/analysis/ HTTP/1.1" 401 58
WARNING 2026-03-31 01:26:37,236 log Unauthorized: /api/analysis/
WARNING 2026-03-31 01:26:37,237 log "GET /api/analysis/ HTTP/1.1" 401 58
WARNING 2026-03-31 01:26:42,230 log Unauthorized: /api/analysis/
WARNING 2026-03-31 01:26:42,236 log "GET /api/analysis/ HTTP/1.1" 401 58
WARNING 2026-03-31 01:26:54,116 log Unauthorized: /api/analysis/
WARNING 2026-03-31 01:26:54,125 log "GET /api/analysis/ HTTP/1.1" 401 58
WARNING 2026-03-31 01:27:10,860 log Unauthorized: /api/analysis/
WARNING 2026-03-31 01:27:11,509 log "GET /api/analysis/ HTTP/1.1" 401 58
WARNING 2026-03-31 01:27:12,777 log Unauthorized: /api/analysis/
WARNING 2026-03-31 01:27:12,908 log "GET /api/analysis/ HTTP/1.1" 401 58
WARNING 2026-03-31 01:27:15,543 log Unauthorized: /api/analysis/
WARNING 2026-03-31 01:27:15,567 log "GET /api/analysis/ HTTP/1.1" 401 58
WARNING 2026-03-31 01:27:16,950 log Unauthorized: /api/analysis/
WARNING 2026-03-31 01:27:16,952 log "GET /api/analysis/ HTTP/1.1" 401 58
WARNING 2026-03-31 01:27:19,330 log Unauthorized: /api/analysis/
WARNING 2026-03-31 01:27:19,332 log "GET /api/analysis/ HTTP/1.1" 401 58
WARNING 2026-03-31 01:27:22,147 log Unauthorized: /api/analysis/
WARNING 2026-03-31 01:27:22,174 log "GET /api/analysis/ HTTP/1.1" 401 58
WARNING 2026-03-31 01:27:24,224 log Unauthorized: /api/analysis/
WARNING 2026-03-31 01:27:24,225 log "GET /api/analysis/ HTTP/1.1" 401 58
WARNING 2026-03-31 01:27:26,957 log Unauthorized: /api/analysis/
WARNING 2026-03-31 01:27:26,967 log "GET /api/analysis/ HTTP/1.1" 401 58
WARNING 2026-03-31 01:27:29,238 log Unauthorized: /api/analysis/
WARNING 2026-03-31 01:27:29,241 log "GET /api/analysis/ HTTP/1.1" 401 58
WARNING 2026-03-31 01:27:31,948 log Unauthorized: /api/analysis/
WARNING 2026-03-31 01:27:31,951 log "GET /api/analysis/ HTTP/1.1" 401 58
WARNING 2026-03-31 01:27:34,290 log Unauthorized: /api/analysis/
WARNING 2026-03-31 01:27:34,295 log "GET /api/analysis/ HTTP/1.1" 401 58
WARNING 2026-03-31 01:27:37,228 log Unauthorized: /api/analysis/
WARNING 2026-03-31 01:27:37,230 log "GET /api/analysis/ HTTP/1.1" 401 58
WARNING 2026-03-31 01:27:39,276 log Unauthorized: /api/analysis/
WARNING 2026-03-31 01:27:39,280 log "GET /api/analysis/ HTTP/1.1" 401 58
WARNING 2026-03-31 01:27:42,235 log Unauthorized: /api/analysis/
WARNING 2026-03-31 01:27:42,238 log "GET /api/analysis/ HTTP/1.1" 401 58
WARNING 2026-03-31 01:27:44,234 log Unauthorized: /api/analysis/
WARNING 2026-03-31 01:27:44,237 log "GET /api/analysis/ HTTP/1.1" 401 58
WARNING 2026-03-31 01:27:48,963 log Unauthorized: /api/analysis/
WARNING 2026-03-31 01:27:48,999 log "GET /api/analysis/ HTTP/1.1" 401 58
WARNING 2026-03-31 01:27:50,796 log Unauthorized: /api/analysis/
WARNING 2026-03-31 01:27:50,902 log "GET /api/analysis/ HTTP/1.1" 401 58
WARNING 2026-03-31 01:27:51,976 log Unauthorized: /api/analysis/
WARNING 2026-03-31 01:27:51,980 log "GET /api/analysis/ HTTP/1.1" 401 58
WARNING 2026-03-31 01:27:54,898 log Unauthorized: /api/analysis/
WARNING 2026-03-31 01:27:54,902 log "GET /api/analysis/ HTTP/1.1" 401 58
WARNING 2026-03-31 01:27:56,959 log Unauthorized: /api/analysis/
WARNING 2026-03-31 01:27:56,963 log "GET /api/analysis/ HTTP/1.1" 401 58
WARNING 2026-03-31 01:27:59,238 log Unauthorized: /api/analysis/
WARNING 2026-03-31 01:27:59,241 log "GET /api/analysis/ HTTP/1.1" 401 58
WARNING 2026-03-31 01:28:01,957 log Unauthorized: /api/analysis/
WARNING 2026-03-31 01:28:01,960 log "GET /api/analysis/ HTTP/1.1" 401 58
WARNING 2026-03-31 01:28:07,592 log Unauthorized: /api/analysis/
WARNING 2026-03-31 01:28:08,267 log "GET /api/analysis/ HTTP/1.1" 401 58
WARNING 2026-03-31 01:28:12,182 log Unauthorized: /api/analysis/
WARNING 2026-03-31 01:28:12,225 log "GET /api/analysis/ HTTP/1.1" 401 58
WARNING 2026-03-31 01:28:13,050 log Unauthorized: /api/analysis/
WARNING 2026-03-31 01:28:13,056 log "GET /api/analysis/ HTTP/1.1" 401 58
WARNING 2026-03-31 01:28:14,227 log Unauthorized: /api/analysis/
WARNING 2026-03-31 01:28:14,230 log "GET /api/analysis/ HTTP/1.1" 401 58
WARNING 2026-03-31 01:28:16,955 log Unauthorized: /api/analysis/
WARNING 2026-03-31 01:28:16,958 log "GET /api/analysis/ HTTP/1.1" 401 58
WARNING 2026-03-31 01:28:19,234 log Unauthorized: /api/analysis/
WARNING 2026-03-31 01:28:19,237 log "GET /api/analysis/ HTTP/1.1" 401 58
WARNING 2026-03-31 01:28:21,963 log Unauthorized: /api/analysis/
WARNING 2026-03-31 01:28:21,964 log "GET /api/analysis/ HTTP/1.1" 401 58
WARNING 2026-03-31 01:28:24,221 log Unauthorized: /api/analysis/
WARNING 2026-03-31 01:28:24,225 log "GET /api/analysis/ HTTP/1.1" 401 58
WARNING 2026-03-31 01:28:26,956 log Unauthorized: /api/analysis/
WARNING 2026-03-31 01:28:26,957 log "GET /api/analysis/ HTTP/1.1" 401 58
WARNING 2026-03-31 01:28:30,021 log Unauthorized: /api/analysis/
WARNING 2026-03-31 01:28:30,024 log "GET /api/analysis/ HTTP/1.1" 401 58
WARNING 2026-03-31 01:28:32,234 log Unauthorized: /api/analysis/
WARNING 2026-03-31 01:28:32,236 log "GET /api/analysis/ HTTP/1.1" 401 58
WARNING 2026-03-31 01:28:34,227 log Unauthorized: /api/analysis/
WARNING 2026-03-31 01:28:34,228 log "GET /api/analysis/ HTTP/1.1" 401 58
WARNING 2026-03-31 01:28:40,360 log Unauthorized: /api/analysis/
WARNING 2026-03-31 01:28:40,365 log "GET /api/analysis/ HTTP/1.1" 401 58
WARNING 2026-03-31 01:28:44,228 log Unauthorized: /api/analysis/
WARNING 2026-03-31 01:28:44,238 log "GET /api/analysis/ HTTP/1.1" 401 58
WARNING 2026-03-31 01:28:49,328 log Unauthorized: /api/analysis/
WARNING 2026-03-31 01:28:49,352 log "GET /api/analysis/ HTTP/1.1" 401 58
WARNING 2026-03-31 01:29:56,099 log Unauthorized: /api/analysis/
WARNING 2026-03-31 01:29:56,184 log "GET /api/analysis/ HTTP/1.1" 401 58
WARNING 2026-03-31 01:30:54,031 log Unauthorized: /api/analysis/
WARNING 2026-03-31 01:30:54,035 log "GET /api/analysis/ HTTP/1.1" 401 58
WARNING 2026-03-31 01:31:53,236 log Unauthorized: /api/analysis/
WARNING 2026-03-31 01:31:53,239 log "GET /api/analysis/ HTTP/1.1" 401 58
WARNING 2026-03-31 01:32:53,324 log Unauthorized: /api/analysis/
WARNING 2026-03-31 01:32:53,406 log "GET /api/analysis/ HTTP/1.1" 401 58
WARNING 2026-03-31 01:33:53,234 log Unauthorized: /api/analysis/
WARNING 2026-03-31 01:33:53,237 log "GET /api/analysis/ HTTP/1.1" 401 58
WARNING 2026-03-31 01:34:53,236 log Unauthorized: /api/analysis/
WARNING 2026-03-31 01:34:53,243 log "GET /api/analysis/ HTTP/1.1" 401 58
WARNING 2026-03-31 01:35:53,266 log Unauthorized: /api/analysis/
WARNING 2026-03-31 01:35:53,270 log "GET /api/analysis/ HTTP/1.1" 401 58
WARNING 2026-03-31 01:36:53,225 log Unauthorized: /api/analysis/
WARNING 2026-03-31 01:36:53,228 log "GET /api/analysis/ HTTP/1.1" 401 58
WARNING 2026-03-31 01:38:02,196 log Unauthorized: /api/analysis/
WARNING 2026-03-31 01:38:02,782 log "GET /api/analysis/ HTTP/1.1" 401 58
WARNING 2026-03-31 01:38:58,605 log Unauthorized: /api/analysis/
WARNING 2026-03-31 01:38:58,829 log "GET /api/analysis/ HTTP/1.1" 401 58
WARNING 2026-03-31 01:39:59,596 log Unauthorized: /api/analysis/
WARNING 2026-03-31 01:39:59,705 log "GET /api/analysis/ HTTP/1.1" 401 58
WARNING 2026-03-31 01:40:19,630 log Unauthorized: /api/analysis/
WARNING 2026-03-31 01:40:19,640 log "GET /api/analysis/ HTTP/1.1" 401 58
WARNING 2026-03-31 01:40:56,662 log Unauthorized: /api/analysis/
WARNING 2026-03-31 01:40:57,325 log "GET /api/analysis/ HTTP/1.1" 401 58
WARNING 2026-03-31 01:41:59,500 log Unauthorized: /api/analysis/
WARNING 2026-03-31 01:41:59,618 log "GET /api/analysis/ HTTP/1.1" 401 58
WARNING 2026-03-31 01:42:53,219 log Unauthorized: /api/analysis/
WARNING 2026-03-31 01:42:53,219 log "GET /api/analysis/ HTTP/1.1" 401 58
WARNING 2026-03-31 01:43:53,230 log Unauthorized: /api/analysis/
WARNING 2026-03-31 01:43:53,230 log "GET /api/analysis/ HTTP/1.1" 401 58
WARNING 2026-03-31 01:44:53,352 log Unauthorized: /api/analysis/
WARNING 2026-03-31 01:44:53,356 log "GET /api/analysis/ HTTP/1.1" 401 58
WARNING 2026-03-31 01:45:53,230 log Unauthorized: /api/analysis/
WARNING 2026-03-31 01:45:53,230 log "GET /api/analysis/ HTTP/1.1" 401 58
WARNING 2026-03-31 01:46:53,254 log Unauthorized: /api/analysis/
WARNING 2026-03-31 01:46:53,292 log "GET /api/analysis/ HTTP/1.1" 401 58
WARNING 2026-03-31 01:47:53,247 log Unauthorized: /api/analysis/
WARNING 2026-03-31 01:47:53,266 log "GET /api/analysis/ HTTP/1.1" 401 58
WARNING 2026-03-31 01:48:53,255 log Unauthorized: /api/analysis/
WARNING 2026-03-31 01:48:53,255 log "GET /api/analysis/ HTTP/1.1" 401 58
WARNING 2026-03-31 01:49:56,297 log Unauthorized: /api/analysis/
WARNING 2026-03-31 01:49:56,299 log "GET /api/analysis/ HTTP/1.1" 401 58
WARNING 2026-03-31 01:50:53,241 log Unauthorized: /api/analysis/
WARNING 2026-03-31 01:50:53,241 log "GET /api/analysis/ HTTP/1.1" 401 58
WARNING 2026-03-31 01:51:54,324 log Unauthorized: /api/analysis/
WARNING 2026-03-31 01:51:54,329 log "GET /api/analysis/ HTTP/1.1" 401 58
WARNING 2026-03-31 01:53:06,553 log Unauthorized: /api/analysis/
WARNING 2026-03-31 01:53:06,556 log "GET /api/analysis/ HTTP/1.1" 401 58
WARNING 2026-03-31 01:54:01,950 log Unauthorized: /api/analysis/
WARNING 2026-03-31 01:54:01,951 log "GET /api/analysis/ HTTP/1.1" 401 58
WARNING 2026-03-31 01:54:53,320 log Unauthorized: /api/analysis/
WARNING 2026-03-31 01:54:53,322 log "GET /api/analysis/ HTTP/1.1" 401 58
WARNING 2026-03-31 01:55:53,230 log Unauthorized: /api/analysis/
WARNING 2026-03-31 01:55:53,230 log "GET /api/analysis/ HTTP/1.1" 401 58
WARNING 2026-03-31 01:56:53,236 log Unauthorized: /api/analysis/
WARNING 2026-03-31 01:56:53,236 log "GET /api/analysis/ HTTP/1.1" 401 58
WARNING 2026-03-31 01:57:53,237 log Unauthorized: /api/analysis/
WARNING 2026-03-31 01:57:53,239 log "GET /api/analysis/ HTTP/1.1" 401 58
WARNING 2026-03-31 01:58:53,282 log Unauthorized: /api/analysis/
WARNING 2026-03-31 01:58:53,286 log "GET /api/analysis/ HTTP/1.1" 401 58
WARNING 2026-03-31 01:59:54,498 log Unauthorized: /api/analysis/
WARNING 2026-03-31 01:59:54,498 log "GET /api/analysis/ HTTP/1.1" 401 58
WARNING 2026-03-31 02:00:53,236 log Unauthorized: /api/analysis/
WARNING 2026-03-31 02:00:53,272 log "GET /api/analysis/ HTTP/1.1" 401 58
INFO 2026-03-31 02:01:06,331 log "POST /api/token/ HTTP/1.1" 200 489
INFO 2026-03-31 02:01:09,070 log "OPTIONS /api/analysis/ HTTP/1.1" 200 0
INFO 2026-03-31 02:01:09,634 log "OPTIONS /api/analysis/ HTTP/1.1" 200 0
INFO 2026-03-31 02:01:09,923 log "GET /api/analysis/ HTTP/1.1" 200 2
INFO 2026-03-31 02:01:10,153 log "GET /api/analysis/ HTTP/1.1" 200 2
INFO 2026-03-31 02:01:13,988 log "GET /api/analysis/ HTTP/1.1" 200 2
INFO 2026-03-31 02:01:18,999 log "GET /api/analysis/ HTTP/1.1" 200 2
INFO 2026-03-31 02:01:23,996 log "GET /api/analysis/ HTTP/1.1" 200 2
INFO 2026-03-31 02:01:28,995 log "GET /api/analysis/ HTTP/1.1" 200 2
INFO 2026-03-31 02:01:34,062 log "GET /api/analysis/ HTTP/1.1" 200 2
INFO 2026-03-31 02:01:39,294 log "GET /api/analysis/ HTTP/1.1" 200 2
INFO 2026-03-31 02:01:44,243 log "GET /api/analysis/ HTTP/1.1" 200 2
INFO 2026-03-31 02:01:49,560 log "GET /api/analysis/ HTTP/1.1" 200 2
WARNING 2026-03-31 02:01:53,231 log Unauthorized: /api/analysis/
WARNING 2026-03-31 02:01:53,234 log "GET /api/analysis/ HTTP/1.1" 401 58
INFO 2026-03-31 02:01:53,999 log "GET /api/analysis/ HTTP/1.1" 200 2
INFO 2026-03-31 02:01:59,004 log "GET /api/analysis/ HTTP/1.1" 200 2
INFO 2026-03-31 02:02:04,697 log "GET /api/analysis/ HTTP/1.1" 200 2
INFO 2026-03-31 02:02:09,028 log "GET /api/analysis/ HTTP/1.1" 200 2
INFO 2026-03-31 02:02:14,019 log "GET /api/analysis/ HTTP/1.1" 200 2
INFO 2026-03-31 02:02:19,149 log "GET /api/analysis/ HTTP/1.1" 200 2
INFO 2026-03-31 02:02:24,238 log "GET /api/analysis/ HTTP/1.1" 200 2
INFO 2026-03-31 02:02:30,476 log "GET /api/analysis/ HTTP/1.1" 200 2
INFO 2026-03-31 02:02:42,499 log "GET /api/analysis/ HTTP/1.1" 200 2
INFO 2026-03-31 02:02:44,251 log "GET /api/analysis/ HTTP/1.1" 200 2
INFO 2026-03-31 02:02:49,813 log "GET /api/analysis/ HTTP/1.1" 200 2
WARNING 2026-03-31 02:02:53,249 log Unauthorized: /api/analysis/
WARNING 2026-03-31 02:02:53,249 log "GET /api/analysis/ HTTP/1.1" 401 58
INFO 2026-03-31 02:02:54,235 log "GET /api/analysis/ HTTP/1.1" 200 2
INFO 2026-03-31 02:02:59,230 log "GET /api/analysis/ HTTP/1.1" 200 2
INFO 2026-03-31 02:03:04,253 log "GET /api/analysis/ HTTP/1.1" 200 2
INFO 2026-03-31 02:03:10,017 log "GET /api/analysis/ HTTP/1.1" 200 2
INFO 2026-03-31 02:03:14,004 log "GET /api/analysis/ HTTP/1.1" 200 2
INFO 2026-03-31 02:03:18,991 log "GET /api/analysis/ HTTP/1.1" 200 2
INFO 2026-03-31 02:03:24,011 log "GET /api/analysis/ HTTP/1.1" 200 2
INFO 2026-03-31 02:03:29,005 log "GET /api/analysis/ HTTP/1.1" 200 2
INFO 2026-03-31 02:03:34,000 log "GET /api/analysis/ HTTP/1.1" 200 2
WARNING 2026-03-31 02:03:38,468 log Unauthorized: /api/analysis/
WARNING 2026-03-31 02:03:38,472 log "GET /api/analysis/ HTTP/1.1" 401 58
INFO 2026-03-31 02:03:39,021 log "GET /api/analysis/ HTTP/1.1" 200 2
WARNING 2026-03-31 02:03:42,229 log Unauthorized: /api/analysis/
WARNING 2026-03-31 02:03:42,232 log "GET /api/analysis/ HTTP/1.1" 401 58
INFO 2026-03-31 02:03:44,248 log "GET /api/analysis/ HTTP/1.1" 200 2
WARNING 2026-03-31 02:03:47,245 log Unauthorized: /api/analysis/
WARNING 2026-03-31 02:03:47,250 log "GET /api/analysis/ HTTP/1.1" 401 58
INFO 2026-03-31 02:03:53,029 log "GET /api/analysis/ HTTP/1.1" 200 2
WARNING 2026-03-31 02:03:53,073 log Unauthorized: /api/analysis/
WARNING 2026-03-31 02:03:53,097 log "GET /api/analysis/ HTTP/1.1" 401 58
WARNING 2026-03-31 02:03:57,293 log Unauthorized: /api/analysis/
WARNING 2026-03-31 02:03:57,296 log "GET /api/analysis/ HTTP/1.1" 401 58
INFO 2026-03-31 02:03:57,975 log "GET /api/analysis/ HTTP/1.1" 200 2
INFO 2026-03-31 02:03:59,219 log "GET /api/analysis/ HTTP/1.1" 200 2
WARNING 2026-03-31 02:04:02,223 log Unauthorized: /api/analysis/
WARNING 2026-03-31 02:04:02,226 log "GET /api/analysis/ HTTP/1.1" 401 58
INFO 2026-03-31 02:04:04,229 log "GET /api/analysis/ HTTP/1.1" 200 2
WARNING 2026-03-31 02:04:07,240 log Unauthorized: /api/analysis/
WARNING 2026-03-31 02:04:07,240 log "GET /api/analysis/ HTTP/1.1" 401 58
INFO 2026-03-31 02:04:10,519 log "GET /api/analysis/ HTTP/1.1" 200 2
WARNING 2026-03-31 02:04:12,259 log Unauthorized: /api/analysis/
WARNING 2026-03-31 02:04:12,261 log "GET /api/analysis/ HTTP/1.1" 401 58
INFO 2026-03-31 02:04:14,242 log "GET /api/analysis/ HTTP/1.1" 200 2
WARNING 2026-03-31 02:04:17,244 log Unauthorized: /api/analysis/
WARNING 2026-03-31 02:04:17,244 log "GET /api/analysis/ HTTP/1.1" 401 58
INFO 2026-03-31 02:04:19,238 log "GET /api/analysis/ HTTP/1.1" 200 2
WARNING 2026-03-31 02:04:22,229 log Unauthorized: /api/analysis/
WARNING 2026-03-31 02:04:22,229 log "GET /api/analysis/ HTTP/1.1" 401 58
INFO 2026-03-31 02:04:24,521 log "GET /api/analysis/ HTTP/1.1" 200 2
WARNING 2026-03-31 02:04:27,236 log Unauthorized: /api/analysis/
WARNING 2026-03-31 02:04:27,238 log "GET /api/analysis/ HTTP/1.1" 401 58
INFO 2026-03-31 02:04:30,123 log "GET /api/analysis/ HTTP/1.1" 200 2
WARNING 2026-03-31 02:04:32,524 log Unauthorized: /api/analysis/
WARNING 2026-03-31 02:04:32,529 log "GET /api/analysis/ HTTP/1.1" 401 58
INFO 2026-03-31 02:04:34,349 log "GET /api/analysis/ HTTP/1.1" 200 2
WARNING 2026-03-31 02:04:37,229 log Unauthorized: /api/analysis/
WARNING 2026-03-31 02:04:37,256 log "GET /api/analysis/ HTTP/1.1" 401 58
INFO 2026-03-31 02:04:39,275 log "GET /api/analysis/ HTTP/1.1" 200 2
WARNING 2026-03-31 02:04:53,228 log Unauthorized: /api/analysis/
WARNING 2026-03-31 02:04:53,228 log "GET /api/analysis/ HTTP/1.1" 401 58
INFO 2026-03-31 02:04:53,271 log "GET /api/analysis/ HTTP/1.1" 200 2
WARNING 2026-03-31 02:05:53,341 log Unauthorized: /api/analysis/
WARNING 2026-03-31 02:05:53,356 log "GET /api/analysis/ HTTP/1.1" 401 58
INFO 2026-03-31 02:05:53,679 log "GET /api/analysis/ HTTP/1.1" 200 2
INFO 2026-03-31 02:06:30,740 log "GET /api/analysis/ HTTP/1.1" 200 2
INFO 2026-03-31 02:06:34,020 log "GET /api/analysis/ HTTP/1.1" 200 2
INFO 2026-03-31 02:06:39,269 log "GET /api/analysis/ HTTP/1.1" 200 2
INFO 2026-03-31 02:06:44,350 log "GET /api/analysis/ HTTP/1.1" 200 2
INFO 2026-03-31 02:06:49,247 log "GET /api/analysis/ HTTP/1.1" 200 2
WARNING 2026-03-31 02:06:53,229 log Unauthorized: /api/analysis/
WARNING 2026-03-31 02:06:53,231 log "GET /api/analysis/ HTTP/1.1" 401 58
INFO 2026-03-31 02:06:54,237 log "GET /api/analysis/ HTTP/1.1" 200 2
INFO 2026-03-31 02:06:59,388 log "GET /api/analysis/ HTTP/1.1" 200 2
INFO 2026-03-31 02:07:04,237 log "GET /api/analysis/ HTTP/1.1" 200 2
INFO 2026-03-31 02:07:12,070 log "GET /api/analysis/ HTTP/1.1" 200 2
INFO 2026-03-31 02:07:14,239 log "GET /api/analysis/ HTTP/1.1" 200 2
INFO 2026-03-31 02:07:19,241 log "GET /api/analysis/ HTTP/1.1" 200 2
INFO 2026-03-31 02:07:24,231 log "GET /api/analysis/ HTTP/1.1" 200 2
INFO 2026-03-31 02:07:29,357 log "GET /api/analysis/ HTTP/1.1" 200 2
INFO 2026-03-31 02:07:34,183 log "GET /api/analysis/ HTTP/1.1" 200 2
WARNING 2026-03-31 02:07:53,241 log Unauthorized: /api/analysis/
WARNING 2026-03-31 02:07:53,244 log "GET /api/analysis/ HTTP/1.1" 401 58
INFO 2026-03-31 02:07:53,278 log "GET /api/analysis/ HTTP/1.1" 200 2
WARNING 2026-03-31 02:08:53,424 log Unauthorized: /api/analysis/
WARNING 2026-03-31 02:08:53,424 log "GET /api/analysis/ HTTP/1.1" 401 58
INFO 2026-03-31 02:08:59,768 log "GET /api/analysis/ HTTP/1.1" 200 2
INFO 2026-03-31 02:09:39,914 log "GET /api/analysis/ HTTP/1.1" 200 2
INFO 2026-03-31 02:09:41,704 log "GET /api/analysis/ HTTP/1.1" 200 2
INFO 2026-03-31 02:09:42,010 log "OPTIONS /api/tutorials/ HTTP/1.1" 200 0
INFO 2026-03-31 02:09:42,293 log "GET /api/tutorials/ HTTP/1.1" 200 525
WARNING 2026-03-31 02:09:44,027 log Unauthorized: /api/analysis/
WARNING 2026-03-31 02:09:44,058 log "GET /api/analysis/ HTTP/1.1" 401 58
WARNING 2026-03-31 02:09:47,286 log Unauthorized: /api/analysis/
WARNING 2026-03-31 02:09:47,291 log "GET /api/analysis/ HTTP/1.1" 401 58
WARNING 2026-03-31 02:09:52,226 log Unauthorized: /api/analysis/
WARNING 2026-03-31 02:09:52,228 log "GET /api/analysis/ HTTP/1.1" 401 58
INFO 2026-03-31 02:10:23,015 log "OPTIONS /api/uploads/upload/ HTTP/1.1" 200 0
ERROR 2026-03-31 02:10:23,167 log Internal Server Error: /api/uploads/upload/
ERROR 2026-03-31 02:10:23,167 log "POST /api/uploads/upload/ HTTP/1.1" 500 50
ERROR 2026-03-31 02:10:34,297 log Internal Server Error: /api/uploads/upload/
ERROR 2026-03-31 02:10:34,299 log "POST /api/uploads/upload/ HTTP/1.1" 500 50
ERROR 2026-03-31 02:10:53,489 log Internal Server Error: /api/uploads/upload/
ERROR 2026-03-31 02:10:53,522 log "POST /api/uploads/upload/ HTTP/1.1" 500 50
INFO 2026-03-31 02:14:04,598 autoreload C:\capstone_project\backend\threat_intel\threat_intel\settings.py changed, reloading.
INFO 2026-03-31 02:14:52,354 autoreload Watching for file changes with StatReloader
WARNING 2026-03-31 02:15:20,710 log Unauthorized: /api/analysis/
WARNING 2026-03-31 02:15:20,714 log "GET /api/analysis/ HTTP/1.1" 401 58
WARNING 2026-03-31 02:15:53,242 log Unauthorized: /api/analysis/
WARNING 2026-03-31 02:15:53,242 log "GET /api/analysis/ HTTP/1.1" 401 58
WARNING 2026-03-31 02:16:53,233 log Unauthorized: /api/analysis/
WARNING 2026-03-31 02:16:53,249 log "GET /api/analysis/ HTTP/1.1" 401 58
WARNING 2026-03-31 02:17:53,243 log Unauthorized: /api/analysis/
WARNING 2026-03-31 02:17:53,259 log "GET /api/analysis/ HTTP/1.1" 401 58
WARNING 2026-03-31 02:18:53,300 log Unauthorized: /api/analysis/
WARNING 2026-03-31 02:18:53,321 log "GET /api/analysis/ HTTP/1.1" 401 58
WARNING 2026-03-31 02:19:53,289 log Unauthorized: /api/analysis/
WARNING 2026-03-31 02:19:53,421 log "GET /api/analysis/ HTTP/1.1" 401 58
WARNING 2026-03-31 02:20:53,227 log Unauthorized: /api/analysis/
WARNING 2026-03-31 02:20:53,243 log "GET /api/analysis/ HTTP/1.1" 401 58
INFO 2026-03-31 02:21:09,431 autoreload C:\capstone_project\backend\threat_intel\apps\uploads\views.py changed, reloading.
INFO 2026-03-31 02:21:23,038 autoreload Watching for file changes with StatReloader
WARNING 2026-03-31 02:21:53,289 log Unauthorized: /api/analysis/
WARNING 2026-03-31 02:21:53,356 log "GET /api/analysis/ HTTP/1.1" 401 58
INFO 2026-03-31 02:22:26,794 log "GET /api/analysis/ HTTP/1.1" 200 2
INFO 2026-03-31 02:22:27,020 log "GET /api/analysis/ HTTP/1.1" 200 2
INFO 2026-03-31 02:22:27,138 log "GET /api/tutorials/ HTTP/1.1" 200 525
INFO 2026-03-31 02:22:27,606 log "GET /api/tutorials/ HTTP/1.1" 200 525
WARNING 2026-03-31 02:22:38,841 log Unauthorized: /api/tutorials/
WARNING 2026-03-31 02:22:38,854 log "GET /api/tutorials/ HTTP/1.1" 401 172
WARNING 2026-03-31 02:22:39,506 log Unauthorized: /api/tutorials/
WARNING 2026-03-31 02:22:39,770 log "GET /api/tutorials/ HTTP/1.1" 401 172
WARNING 2026-03-31 02:22:53,238 log Unauthorized: /api/analysis/
WARNING 2026-03-31 02:22:53,244 log "GET /api/analysis/ HTTP/1.1" 401 58
INFO 2026-03-31 02:23:02,948 log "OPTIONS /api/token/ HTTP/1.1" 200 0
INFO 2026-03-31 02:23:04,829 log "POST /api/token/ HTTP/1.1" 200 489
INFO 2026-03-31 02:23:07,902 log "GET /api/analysis/ HTTP/1.1" 200 2
INFO 2026-03-31 02:23:08,138 log "GET /api/analysis/ HTTP/1.1" 200 2
INFO 2026-03-31 02:23:08,184 log "GET /api/tutorials/ HTTP/1.1" 200 525
INFO 2026-03-31 02:23:08,512 log "GET /api/tutorials/ HTTP/1.1" 200 525
WARNING 2026-03-31 02:23:11,519 log Unauthorized: /api/tutorials/
WARNING 2026-03-31 02:23:11,523 log "GET /api/tutorials/ HTTP/1.1" 401 58
WARNING 2026-03-31 02:23:11,618 log Unauthorized: /api/tutorials/
WARNING 2026-03-31 02:23:11,672 log "GET /api/tutorials/ HTTP/1.1" 401 58
WARNING 2026-03-31 02:23:19,792 log Unauthorized: /api/tutorials/
WARNING 2026-03-31 02:23:20,233 log "GET /api/tutorials/ HTTP/1.1" 401 58
WARNING 2026-03-31 02:23:20,605 log Unauthorized: /api/tutorials/
WARNING 2026-03-31 02:23:20,723 log "GET /api/tutorials/ HTTP/1.1" 401 58
INFO 2026-03-31 02:23:45,056 log "POST /api/token/ HTTP/1.1" 200 489
INFO 2026-03-31 02:23:47,801 log "GET /api/analysis/ HTTP/1.1" 200 2
INFO 2026-03-31 02:23:47,816 log "GET /api/analysis/ HTTP/1.1" 200 2
INFO 2026-03-31 02:23:48,024 log "GET /api/tutorials/ HTTP/1.1" 200 525
INFO 2026-03-31 02:23:48,346 log "GET /api/tutorials/ HTTP/1.1" 200 525
WARNING 2026-03-31 02:23:53,245 log Unauthorized: /api/analysis/
WARNING 2026-03-31 02:23:53,245 log "GET /api/analysis/ HTTP/1.1" 401 58
WARNING 2026-03-31 02:24:55,490 log Unauthorized: /api/analysis/
WARNING 2026-03-31 02:24:55,503 log "GET /api/analysis/ HTTP/1.1" 401 58
INFO 2026-03-31 02:26:04,316 autoreload C:\capstone_project\backend\threat_intel\apps\uploads\utils.py changed, reloading.
INFO 2026-03-31 02:26:18,744 autoreload Watching for file changes with StatReloader
WARNING 2026-03-31 02:26:53,269 log Unauthorized: /api/analysis/
WARNING 2026-03-31 02:26:53,270 log "GET /api/analysis/ HTTP/1.1" 401 58
WARNING 2026-03-31 02:27:53,237 log Unauthorized: /api/analysis/
WARNING 2026-03-31 02:27:53,241 log "GET /api/analysis/ HTTP/1.1" 401 58
INFO 2026-03-31 02:28:31,742 autoreload C:\capstone_project\backend\threat_intel\apps\uploads\views.py changed, reloading.
INFO 2026-03-31 02:28:45,575 autoreload Watching for file changes with StatReloader
INFO 2026-03-31 02:39:41,022 autoreload C:\capstone_project\backend\threat_intel\apps\uploads\views.py changed, reloading.
INFO 2026-03-31 02:39:50,674 autoreload Watching for file changes with StatReloader
WARNING 2026-03-31 02:40:03,617 log Not Found: /
WARNING 2026-03-31 02:40:03,628 log "GET / HTTP/1.1" 404 3547
INFO 2026-03-31 02:40:14,080 log "GET /admin/ HTTP/1.1" 200 20147
INFO 2026-03-31 02:40:17,911 log "GET /api/token HTTP/1.1" 301 0
WARNING 2026-03-31 02:40:18,932 log Method Not Allowed: /api/token/
WARNING 2026-03-31 02:40:19,035 log "GET /api/token/ HTTP/1.1" 405 7609
INFO 2026-03-31 02:40:20,758 log "GET /static/rest_framework/css/bootstrap-tweaks.css HTTP/1.1" 200 3426
INFO 2026-03-31 02:40:20,772 log "GET /static/rest_framework/css/bootstrap.min.css HTTP/1.1" 200 121457
INFO 2026-03-31 02:40:21,008 log "GET /static/rest_framework/css/prettify.css HTTP/1.1" 200 817
INFO 2026-03-31 02:40:21,166 log "GET /static/rest_framework/js/jquery-3.7.1.min.js HTTP/1.1" 200 87533
INFO 2026-03-31 02:40:21,200 log "GET /static/rest_framework/css/default.css HTTP/1.1" 200 1152
INFO 2026-03-31 02:40:21,315 log "GET /static/rest_framework/js/ajax-form.js HTTP/1.1" 200 3796
INFO 2026-03-31 02:40:21,358 log "GET /static/rest_framework/js/csrf.js HTTP/1.1" 200 1793
INFO 2026-03-31 02:40:21,467 log "GET /static/rest_framework/js/prettify-min.js HTTP/1.1" 200 13632
INFO 2026-03-31 02:40:21,784 log "GET /static/rest_framework/js/load-ajax-form.js HTTP/1.1" 200 59
INFO 2026-03-31 02:40:21,902 log "GET /static/rest_framework/js/bootstrap.min.js HTTP/1.1" 200 39680
INFO 2026-03-31 02:40:21,907 log "GET /static/rest_framework/img/grid.png HTTP/1.1" 200 1458
INFO 2026-03-31 02:40:21,917 log "GET /static/rest_framework/js/default.js HTTP/1.1" 200 1268
INFO 2026-03-31 02:40:52,228 log "POST /api/token/ HTTP/1.1" 200 8059
WARNING 2026-03-31 02:40:54,260 log Unauthorized: /api/analysis/
WARNING 2026-03-31 02:40:54,262 log "GET /api/analysis/ HTTP/1.1" 401 58
WARNING 2026-03-31 02:41:55,007 log Unauthorized: /api/analysis/
WARNING 2026-03-31 02:41:55,009 log "GET /api/analysis/ HTTP/1.1" 401 58
WARNING 2026-03-31 02:42:53,244 log Unauthorized: /api/analysis/
WARNING 2026-03-31 02:42:53,245 log "GET /api/analysis/ HTTP/1.1" 401 58
WARNING 2026-03-31 02:44:03,210 log Unauthorized: /api/analysis/
WARNING 2026-03-31 02:44:03,243 log "GET /api/analysis/ HTTP/1.1" 401 58
WARNING 2026-03-31 02:44:53,998 log Unauthorized: /api/analysis/
WARNING 2026-03-31 02:44:54,365 log "GET /api/analysis/ HTTP/1.1" 401 58
WARNING 2026-03-31 02:45:53,280 log Unauthorized: /api/analysis/
WARNING 2026-03-31 02:45:53,318 log "GET /api/analysis/ HTTP/1.1" 401 58
WARNING 2026-03-31 02:46:53,247 log Unauthorized: /api/analysis/
WARNING 2026-03-31 02:46:53,255 log "GET /api/analysis/ HTTP/1.1" 401 58
WARNING 2026-03-31 02:47:47,848 log Unauthorized: /api/uploads/upload/
WARNING 2026-03-31 02:47:47,972 log "POST /api/uploads/upload/ HTTP/1.1" 401 58
WARNING 2026-03-31 02:47:53,367 log Unauthorized: /api/analysis/
WARNING 2026-03-31 02:47:53,820 log "GET /api/analysis/ HTTP/1.1" 401 58
INFO 2026-03-31 02:48:14,355 log "POST /api/token/ HTTP/1.1" 200 489
INFO 2026-03-31 02:48:16,796 log "GET /api/analysis/ HTTP/1.1" 200 2
INFO 2026-03-31 02:48:17,088 log "GET /api/tutorials/ HTTP/1.1" 200 525
INFO 2026-03-31 02:48:17,318 log "GET /api/analysis/ HTTP/1.1" 200 2
INFO 2026-03-31 02:48:18,342 log "GET /api/tutorials/ HTTP/1.1" 200 525
WARNING 2026-03-31 02:48:35,946 log Unauthorized: /api/uploads/upload/
WARNING 2026-03-31 02:48:35,975 log "POST /api/uploads/upload/ HTTP/1.1" 401 58
WARNING 2026-03-31 02:48:53,228 log Unauthorized: /api/analysis/
WARNING 2026-03-31 02:48:53,230 log "GET /api/analysis/ HTTP/1.1" 401 58
INFO 2026-03-31 02:49:04,543 log "POST /api/token/ HTTP/1.1" 200 489
INFO 2026-03-31 02:49:07,614 log "GET /api/analysis/ HTTP/1.1" 200 2
INFO 2026-03-31 02:49:07,802 log "GET /api/analysis/ HTTP/1.1" 200 2
INFO 2026-03-31 02:49:07,855 log "GET /api/tutorials/ HTTP/1.1" 200 525
INFO 2026-03-31 02:49:07,886 log "GET /api/tutorials/ HTTP/1.1" 200 525
WARNING 2026-03-31 02:49:54,470 log Unauthorized: /api/analysis/
WARNING 2026-03-31 02:49:54,855 log "GET /api/analysis/ HTTP/1.1" 401 58
WARNING 2026-03-31 02:50:25,074 log Unauthorized: /api/analysis/
WARNING 2026-03-31 02:50:25,669 log "GET /api/analysis/ HTTP/1.1" 401 58
WARNING 2026-03-31 02:50:32,570 log Unauthorized: /api/analysis/
WARNING 2026-03-31 02:50:33,208 log "GET /api/analysis/ HTTP/1.1" 401 58
WARNING 2026-03-31 02:50:38,525 log Unauthorized: /api/analysis/
WARNING 2026-03-31 02:50:38,873 log "GET /api/analysis/ HTTP/1.1" 401 58
WARNING 2026-03-31 02:50:39,254 log Unauthorized: /api/analysis/
WARNING 2026-03-31 02:50:39,433 log "GET /api/analysis/ HTTP/1.1" 401 58
WARNING 2026-03-31 02:50:42,758 log Unauthorized: /api/analysis/
WARNING 2026-03-31 02:50:42,963 log "GET /api/analysis/ HTTP/1.1" 401 58
WARNING 2026-03-31 02:50:51,892 log Unauthorized: /api/analysis/
WARNING 2026-03-31 02:50:52,082 log "GET /api/analysis/ HTTP/1.1" 401 58
WARNING 2026-03-31 02:50:52,366 log Unauthorized: /api/analysis/
WARNING 2026-03-31 02:50:52,524 log "GET /api/analysis/ HTTP/1.1" 401 58
WARNING 2026-03-31 02:51:03,664 log Unauthorized: /api/analysis/
WARNING 2026-03-31 02:51:04,267 log "GET /api/analysis/ HTTP/1.1" 401 58
WARNING 2026-03-31 02:51:05,039 log Unauthorized: /api/analysis/
WARNING 2026-03-31 02:51:05,401 log "GET /api/analysis/ HTTP/1.1" 401 58
WARNING 2026-03-31 02:51:12,310 log Unauthorized: /api/analysis/
WARNING 2026-03-31 02:51:12,606 log "GET /api/analysis/ HTTP/1.1" 401 58
WARNING 2026-03-31 02:51:18,372 log Unauthorized: /api/analysis/
WARNING 2026-03-31 02:51:18,583 log "GET /api/analysis/ HTTP/1.1" 401 58
WARNING 2026-03-31 02:51:21,433 log Unauthorized: /api/analysis/
WARNING 2026-03-31 02:51:21,473 log "GET /api/analysis/ HTTP/1.1" 401 58
WARNING 2026-03-31 09:14:12,651 log Unauthorized: /api/analysis/
WARNING 2026-03-31 09:14:13,265 log "GET /api/analysis/ HTTP/1.1" 401 58
WARNING 2026-03-31 09:14:57,078 log Unauthorized: /api/analysis/
WARNING 2026-03-31 09:14:57,391 log "GET /api/analysis/ HTTP/1.1" 401 58
INFO 2026-03-31 09:15:44,032 log "OPTIONS /api/analysis/ HTTP/1.1" 200 0
INFO 2026-03-31 09:15:44,309 log "OPTIONS /api/analysis/ HTTP/1.1" 200 0
WARNING 2026-03-31 09:15:44,509 log Unauthorized: /api/analysis/
WARNING 2026-03-31 09:15:44,820 log "GET /api/analysis/ HTTP/1.1" 401 172
WARNING 2026-03-31 09:15:45,323 log Unauthorized: /api/analysis/
WARNING 2026-03-31 09:15:45,475 log "GET /api/analysis/ HTTP/1.1" 401 172
WARNING 2026-03-31 09:15:47,661 log Unauthorized: /api/analysis/
WARNING 2026-03-31 09:15:47,764 log "GET /api/analysis/ HTTP/1.1" 401 58
WARNING 2026-03-31 09:16:48,067 log Unauthorized: /api/analysis/
WARNING 2026-03-31 09:16:48,405 log "GET /api/analysis/ HTTP/1.1" 401 58
WARNING 2026-03-31 09:17:47,953 log Unauthorized: /api/analysis/
WARNING 2026-03-31 09:17:48,290 log "GET /api/analysis/ HTTP/1.1" 401 58
WARNING 2026-03-31 09:18:49,736 log Unauthorized: /api/analysis/
WARNING 2026-03-31 09:18:49,992 log "GET /api/analysis/ HTTP/1.1" 401 58
INFO 2026-03-31 09:19:01,515 log "OPTIONS /api/token/ HTTP/1.1" 200 0
INFO 2026-03-31 09:19:07,029 log "POST /api/token/ HTTP/1.1" 200 489
INFO 2026-03-31 09:19:09,665 log "GET /api/analysis/ HTTP/1.1" 200 2
INFO 2026-03-31 09:19:10,394 log "OPTIONS /api/tutorials/ HTTP/1.1" 200 0
INFO 2026-03-31 09:19:10,558 log "GET /api/analysis/ HTTP/1.1" 200 2
INFO 2026-03-31 09:19:10,629 log "GET /api/tutorials/ HTTP/1.1" 200 525
INFO 2026-03-31 09:19:10,836 log "GET /api/tutorials/ HTTP/1.1" 200 525
WARNING 2026-03-31 09:19:50,235 log Unauthorized: /api/analysis/
WARNING 2026-03-31 09:19:50,284 log "GET /api/analysis/ HTTP/1.1" 401 58
WARNING 2026-03-31 09:20:47,244 log Unauthorized: /api/analysis/
WARNING 2026-03-31 09:20:47,253 log "GET /api/analysis/ HTTP/1.1" 401 58
WARNING 2026-03-31 09:21:47,261 log Unauthorized: /api/analysis/
WARNING 2026-03-31 09:21:47,277 log "GET /api/analysis/ HTTP/1.1" 401 58
WARNING 2026-03-31 09:22:47,377 log Unauthorized: /api/analysis/
WARNING 2026-03-31 09:22:47,380 log "GET /api/analysis/ HTTP/1.1" 401 58
WARNING 2026-03-31 09:23:49,123 log Unauthorized: /api/analysis/
WARNING 2026-03-31 09:23:49,127 log "GET /api/analysis/ HTTP/1.1" 401 58
WARNING 2026-03-31 09:24:48,512 log Unauthorized: /api/analysis/
WARNING 2026-03-31 09:24:48,854 log "GET /api/analysis/ HTTP/1.1" 401 58
WARNING 2026-03-31 09:25:49,401 log Unauthorized: /api/analysis/
WARNING 2026-03-31 09:25:50,020 log "GET /api/analysis/ HTTP/1.1" 401 58
WARNING 2026-03-31 09:26:48,465 log Unauthorized: /api/analysis/
WARNING 2026-03-31 09:26:49,150 log "GET /api/analysis/ HTTP/1.1" 401 58
WARNING 2026-03-31 09:27:53,206 log Unauthorized: /api/analysis/
WARNING 2026-03-31 09:27:54,127 log "GET /api/analysis/ HTTP/1.1" 401 58
WARNING 2026-03-31 09:28:47,311 log Unauthorized: /api/analysis/
WARNING 2026-03-31 09:28:47,343 log "GET /api/analysis/ HTTP/1.1" 401 58
WARNING 2026-03-31 09:29:47,323 log Unauthorized: /api/analysis/
WARNING 2026-03-31 09:29:47,343 log "GET /api/analysis/ HTTP/1.1" 401 58
WARNING 2026-03-31 09:30:47,247 log Unauthorized: /api/analysis/
WARNING 2026-03-31 09:30:47,251 log "GET /api/analysis/ HTTP/1.1" 401 58
WARNING 2026-03-31 09:31:47,279 log Unauthorized: /api/analysis/
WARNING 2026-03-31 09:31:47,285 log "GET /api/analysis/ HTTP/1.1" 401 58
WARNING 2026-03-31 09:32:47,938 log Unauthorized: /api/analysis/
WARNING 2026-03-31 09:32:48,099 log "GET /api/analysis/ HTTP/1.1" 401 58
WARNING 2026-03-31 09:33:47,433 log Unauthorized: /api/analysis/
WARNING 2026-03-31 09:33:47,462 log "GET /api/analysis/ HTTP/1.1" 401 58
WARNING 2026-03-31 09:34:04,797 log Unauthorized: /api/analysis/
WARNING 2026-03-31 09:34:04,996 log "GET /api/analysis/ HTTP/1.1" 401 58
INFO 2026-03-31 09:34:08,217 log "GET /api/analysis/ HTTP/1.1" 200 2
INFO 2026-03-31 09:34:08,701 log "GET /api/tutorials/ HTTP/1.1" 200 525
INFO 2026-03-31 09:34:09,282 log "GET /api/tutorials/ HTTP/1.1" 200 525
INFO 2026-03-31 09:34:13,421 log "GET /admin/uploads/upload/ HTTP/1.1" 200 23836
WARNING 2026-03-31 09:34:17,832 log Unauthorized: /api/analysis/
WARNING 2026-03-31 09:34:17,866 log "GET /api/analysis/ HTTP/1.1" 401 58
WARNING 2026-03-31 09:34:18,052 log Unauthorized: /api/analysis/
WARNING 2026-03-31 09:34:18,071 log "GET /api/analysis/ HTTP/1.1" 401 58
WARNING 2026-03-31 09:34:18,200 log Unauthorized: /api/analysis/
WARNING 2026-03-31 09:34:18,272 log "GET /api/analysis/ HTTP/1.1" 401 58
INFO 2026-03-31 09:34:31,879 log "GET /api/analysis/ HTTP/1.1" 200 2
INFO 2026-03-31 09:34:31,989 log "GET /api/analysis/ HTTP/1.1" 200 2
INFO 2026-03-31 09:34:32,186 log "GET /api/tutorials/ HTTP/1.1" 200 525
INFO 2026-03-31 09:34:32,375 log "GET /api/tutorials/ HTTP/1.1" 200 525
INFO 2026-03-31 09:34:44,971 log "GET /admin/uploads/upload/?uploaded_at__gte=2026-03-24+00%3A00%3A00%2B00%3A00&uploaded_at__lt=2026-04-01+00%3A00%3A00%2B00%3A00 HTTP/1.1" 200 26212
INFO 2026-03-31 09:34:45,511 log "GET /admin/jsi18n/ HTTP/1.1" 200 3342
INFO 2026-03-31 09:34:54,970 log "GET /admin/uploads/upload/?uploaded_at__gte=2026-03-31+00%3A00%3A00%2B00%3A00&uploaded_at__lt=2026-04-01+00%3A00%3A00%2B00%3A00 HTTP/1.1" 200 22549
INFO 2026-03-31 09:34:55,681 log "GET /admin/jsi18n/ HTTP/1.1" 200 3342
INFO 2026-03-31 09:35:44,408 log "GET /api/analysis/ HTTP/1.1" 200 2
INFO 2026-03-31 09:35:44,806 log "GET /api/analysis/ HTTP/1.1" 200 2
INFO 2026-03-31 09:35:44,923 log "GET /api/tutorials/ HTTP/1.1" 200 525
INFO 2026-03-31 09:35:45,031 log "GET /api/tutorials/ HTTP/1.1" 200 525
INFO 2026-03-31 09:36:07,295 log "GET /api/analysis/ HTTP/1.1" 200 2
INFO 2026-03-31 09:36:07,354 log "GET /api/analysis/ HTTP/1.1" 200 2
INFO 2026-03-31 09:36:07,471 log "GET /api/tutorials/ HTTP/1.1" 200 525
INFO 2026-03-31 09:36:07,546 log "GET /api/tutorials/ HTTP/1.1" 200 525
INFO 2026-03-31 09:43:14,262 log "GET /admin/users/customuser/add/ HTTP/1.1" 200 35309
INFO 2026-03-31 09:43:15,098 log "GET /static/admin/js/admin/DateTimeShortcuts.js HTTP/1.1" 200 19698
INFO 2026-03-31 09:43:15,398 log "GET /static/admin/js/calendar.js HTTP/1.1" 200 9159
INFO 2026-03-31 09:43:15,520 log "GET /admin/jsi18n/ HTTP/1.1" 200 3342
INFO 2026-03-31 09:43:17,495 log "GET /static/admin/img/icon-calendar.svg HTTP/1.1" 200 1112
INFO 2026-03-31 09:43:17,496 log "GET /static/admin/img/icon-clock.svg HTTP/1.1" 200 805
INFO 2026-03-31 09:43:48,756 log "GET /admin/auth/group/add/?_to_field=id&_popup=1 HTTP/1.1" 200 11439
INFO 2026-03-31 09:43:50,500 log "GET /static/admin/js/SelectBox.js HTTP/1.1" 200 4530
INFO 2026-03-31 09:43:50,503 log "GET /static/admin/js/SelectFilter2.js HTTP/1.1" 200 16428
INFO 2026-03-31 09:43:50,688 log "GET /admin/jsi18n/ HTTP/1.1" 200 3342
INFO 2026-03-31 09:43:52,279 log "GET /static/admin/img/selector-icons.svg HTTP/1.1" 200 2387
INFO 2026-03-31 09:45:36,600 log "POST /admin/auth/group/add/?_to_field=id&_popup=1 HTTP/1.1" 200 11679
INFO 2026-03-31 09:45:37,231 log "GET /admin/jsi18n/ HTTP/1.1" 200 3342
INFO 2026-03-31 09:45:56,198 log "POST /admin/auth/group/add/?_to_field=id&_popup=1 HTTP/1.1" 200 325
INFO 2026-03-31 09:45:57,073 log "GET /static/admin/js/popup_response.js HTTP/1.1" 200 532
INFO 2026-03-31 09:48:32,072 log "POST /admin/users/customuser/add/ HTTP/1.1" 200 35699
INFO 2026-03-31 09:48:32,458 log "GET /admin/jsi18n/ HTTP/1.1" 200 3342
INFO 2026-03-31 09:48:54,278 log "POST /admin/users/customuser/add/ HTTP/1.1" 302 0
INFO 2026-03-31 09:48:54,432 log "GET /admin/users/customuser/ HTTP/1.1" 200 20006
INFO 2026-03-31 09:48:55,220 log "GET /admin/jsi18n/ HTTP/1.1" 200 3342
INFO 2026-03-31 09:49:12,192 log "GET /admin/users/customuser/?role__exact=admin HTTP/1.1" 200 18329
INFO 2026-03-31 09:49:12,366 log "GET /admin/jsi18n/ HTTP/1.1" 200 3342
INFO 2026-03-31 09:49:17,301 log "GET /admin/users/customuser/?role__exact=user HTTP/1.1" 200 20172
INFO 2026-03-31 09:49:17,712 log "GET /admin/jsi18n/ HTTP/1.1" 200 3342
INFO 2026-03-31 09:49:24,528 log "GET /admin/users/customuser/1/change/?_changelist_filters=role__exact%3Duser HTTP/1.1" 200 35881
INFO 2026-03-31 09:49:25,199 log "GET /admin/jsi18n/ HTTP/1.1" 200 3342
INFO 2026-03-31 09:49:49,073 log "POST /admin/users/customuser/1/change/?_changelist_filters=role__exact%3Duser HTTP/1.1" 302 0
INFO 2026-03-31 09:49:49,305 log "GET /admin/users/customuser/?role__exact=user HTTP/1.1" 200 20017
INFO 2026-03-31 09:49:49,581 log "GET /admin/jsi18n/ HTTP/1.1" 200 3342
INFO 2026-03-31 09:49:55,814 log "GET /admin/users/customuser/?role__exact=admin HTTP/1.1" 200 19809
INFO 2026-03-31 09:49:56,159 log "GET /admin/jsi18n/ HTTP/1.1" 200 3342
INFO 2026-03-31 09:50:01,339 log "GET /admin/users/customuser/?role__exact=analyst HTTP/1.1" 200 18335
INFO 2026-03-31 09:50:01,784 log "GET /admin/jsi18n/ HTTP/1.1" 200 3342
INFO 2026-03-31 09:50:04,330 log "GET /admin/users/customuser/?role__exact=user HTTP/1.1" 200 19818
INFO 2026-03-31 09:50:05,005 log "GET /admin/jsi18n/ HTTP/1.1" 200 3342
INFO 2026-03-31 09:50:12,653 log "GET /admin/users/customuser/?role__exact=admin HTTP/1.1" 200 19809
INFO 2026-03-31 09:50:13,012 log "GET /admin/jsi18n/ HTTP/1.1" 200 3342
INFO 2026-03-31 09:50:18,493 log "GET /admin/users/customuser/1/change/?_changelist_filters=role__exact%3Dadmin HTTP/1.1" 200 35884
INFO 2026-03-31 09:50:19,080 log "GET /admin/jsi18n/ HTTP/1.1" 200 3342
INFO 2026-03-31 09:50:56,974 log "POST /admin/users/customuser/1/change/?_changelist_filters=role__exact%3Dadmin HTTP/1.1" 302 0
INFO 2026-03-31 09:50:57,158 log "GET /admin/users/customuser/?role__exact=admin HTTP/1.1" 200 20021
INFO 2026-03-31 09:50:57,988 log "GET /admin/jsi18n/ HTTP/1.1" 200 3342
INFO 2026-03-31 09:51:22,782 log "GET /admin/ HTTP/1.1" 200 20164
WARNING 2026-03-31 09:52:14,584 log Unauthorized: /api/token/
WARNING 2026-03-31 09:52:14,584 log "POST /api/token/ HTTP/1.1" 401 63
INFO 2026-03-31 10:03:18,365 log "POST /api/token/ HTTP/1.1" 200 489
INFO 2026-03-31 10:03:20,335 log "GET /api/analysis/ HTTP/1.1" 200 2
INFO 2026-03-31 10:03:20,887 log "GET /api/analysis/ HTTP/1.1" 200 2
INFO 2026-03-31 10:03:20,948 log "GET /api/tutorials/ HTTP/1.1" 200 525
INFO 2026-03-31 10:03:20,990 log "GET /api/tutorials/ HTTP/1.1" 200 525
INFO 2026-03-31 10:03:54,037 log "GET /admin/users/ HTTP/1.1" 200 5437
INFO 2026-03-31 10:03:58,835 log "GET /admin/users/customuser/ HTTP/1.1" 200 20203
INFO 2026-03-31 10:03:59,519 log "GET /admin/jsi18n/ HTTP/1.1" 200 3342
INFO 2026-03-31 10:04:35,734 log "GET /admin/ HTTP/1.1" 200 20164
INFO 2026-03-31 10:52:30,322 log "POST /api/token/ HTTP/1.1" 200 489
INFO 2026-03-31 10:52:32,681 log "GET /api/analysis/ HTTP/1.1" 200 2
INFO 2026-03-31 10:52:32,832 log "GET /api/analysis/ HTTP/1.1" 200 2
INFO 2026-03-31 10:52:32,974 log "GET /api/tutorials/ HTTP/1.1" 200 525
INFO 2026-03-31 10:52:33,004 log "GET /api/tutorials/ HTTP/1.1" 200 525
INFO 2026-03-31 11:24:36,122 log "GET /admin/ HTTP/1.1" 200 20164
INFO 2026-03-31 13:36:17,358 log "GET /admin/ HTTP/1.1" 200 20164
INFO 2026-03-31 13:36:22,138 log "OPTIONS /api/analysis/ HTTP/1.1" 200 0
INFO 2026-03-31 13:36:22,279 log "OPTIONS /api/analysis/ HTTP/1.1" 200 0
INFO 2026-03-31 13:36:22,440 log "OPTIONS /api/tutorials/ HTTP/1.1" 200 0
INFO 2026-03-31 13:36:22,497 log "OPTIONS /api/tutorials/ HTTP/1.1" 200 0
WARNING 2026-03-31 13:36:22,671 log Unauthorized: /api/tutorials/
WARNING 2026-03-31 13:36:22,884 log "GET /api/tutorials/ HTTP/1.1" 401 172
WARNING 2026-03-31 13:36:23,201 log Unauthorized: /api/tutorials/
WARNING 2026-03-31 13:36:23,422 log "GET /api/tutorials/ HTTP/1.1" 401 172
WARNING 2026-03-31 13:36:42,818 log Unauthorized: /api/analysis/
WARNING 2026-03-31 13:36:42,822 log "GET /api/analysis/ HTTP/1.1" 401 172
WARNING 2026-03-31 13:36:42,862 log Unauthorized: /api/analysis/
WARNING 2026-03-31 13:36:42,901 log "GET /api/analysis/ HTTP/1.1" 401 172
WARNING 2026-03-31 13:36:57,758 log Unauthorized: /api/analysis/
WARNING 2026-03-31 13:36:57,799 log "GET /api/analysis/ HTTP/1.1" 401 172
WARNING 2026-03-31 13:36:58,281 log Unauthorized: /api/analysis/
WARNING 2026-03-31 13:36:58,311 log "GET /api/analysis/ HTTP/1.1" 401 172
INFO 2026-03-31 14:03:09,303 log "GET /admin/ HTTP/1.1" 200 20164
WARNING 2026-03-31 14:03:16,487 log Unauthorized: /api/analysis/
WARNING 2026-03-31 14:03:16,509 log "GET /api/analysis/ HTTP/1.1" 401 172
WARNING 2026-03-31 14:03:17,012 log Unauthorized: /api/analysis/
WARNING 2026-03-31 14:03:17,110 log "GET /api/analysis/ HTTP/1.1" 401 172
WARNING 2026-03-31 14:03:28,420 log Unauthorized: /api/analysis/
WARNING 2026-03-31 14:03:28,654 log "GET /api/analysis/ HTTP/1.1" 401 172
WARNING 2026-03-31 14:03:29,000 log Unauthorized: /api/analysis/
WARNING 2026-03-31 14:03:29,149 log "GET /api/analysis/ HTTP/1.1" 401 172
INFO 2026-03-31 15:32:18,086 log "GET /admin/ HTTP/1.1" 200 20164
WARNING 2026-03-31 15:32:35,156 log Unauthorized: /api/analysis/
WARNING 2026-03-31 15:32:35,430 log "GET /api/analysis/ HTTP/1.1" 401 172
WARNING 2026-03-31 15:32:36,319 log Unauthorized: /api/analysis/
WARNING 2026-03-31 15:32:36,665 log "GET /api/analysis/ HTTP/1.1" 401 172
INFO 2026-03-31 16:00:56,151 log "OPTIONS /api/analysis/ HTTP/1.1" 200 0
INFO 2026-03-31 16:00:56,150 log "OPTIONS /api/analysis/ HTTP/1.1" 200 0
WARNING 2026-03-31 16:00:56,720 log Unauthorized: /api/analysis/
WARNING 2026-03-31 16:00:56,825 log "GET /api/analysis/ HTTP/1.1" 401 172
WARNING 2026-03-31 16:00:57,608 log Unauthorized: /api/analysis/
WARNING 2026-03-31 16:00:57,883 log "GET /api/analysis/ HTTP/1.1" 401 172
INFO 2026-03-31 16:01:29,391 log "GET /admin/ HTTP/1.1" 200 20164
WARNING 2026-03-31 16:01:33,097 log Unauthorized: /api/analysis/
WARNING 2026-03-31 16:01:33,721 log "GET /api/analysis/ HTTP/1.1" 401 172
WARNING 2026-03-31 16:01:34,587 log Unauthorized: /api/analysis/
WARNING 2026-03-31 16:01:35,092 log "GET /api/analysis/ HTTP/1.1" 401 172
WARNING 2026-03-31 16:02:58,200 log Unauthorized: /api/analysis/
WARNING 2026-03-31 16:02:58,216 log "GET /api/analysis/ HTTP/1.1" 401 172
WARNING 2026-03-31 16:02:58,406 log Unauthorized: /api/analysis/
WARNING 2026-03-31 16:02:58,442 log "GET /api/analysis/ HTTP/1.1" 401 172
INFO 2026-04-06 23:02:16,252 log "GET /admin/ HTTP/1.1" 200 20164
INFO 2026-04-06 23:02:28,270 log "POST /admin/logout/ HTTP/1.1" 200 3475
INFO 2026-04-06 23:02:29,054 log "GET /static/admin/css/dark_mode.css HTTP/1.1" 304 0
INFO 2026-04-06 23:02:29,054 log "GET /static/admin/css/base.css HTTP/1.1" 304 0
INFO 2026-04-06 23:02:29,430 log "GET /static/admin/css/nav_sidebar.css HTTP/1.1" 304 0
INFO 2026-04-06 23:02:29,920 log "GET /static/admin/css/responsive.css HTTP/1.1" 304 0
INFO 2026-04-06 23:02:30,317 log "GET /static/admin/js/theme.js HTTP/1.1" 304 0
INFO 2026-04-06 23:02:30,725 log "GET /static/admin/js/nav_sidebar.js HTTP/1.1" 304 0
INFO 2026-04-11 18:34:56,931 autoreload Watching for file changes with StatReloader
WARNING 2026-04-11 18:35:08,820 log Not Found: /
WARNING 2026-04-11 18:35:08,822 log "GET / HTTP/1.1" 404 3547
WARNING 2026-04-11 18:35:09,751 log Not Found: /favicon.ico
WARNING 2026-04-11 18:35:09,761 log "GET /favicon.ico HTTP/1.1" 404 3598
INFO 2026-04-11 18:37:45,028 log "GET /admin/ HTTP/1.1" 302 0
INFO 2026-04-11 18:37:47,034 log "GET /admin/login/?next=/admin/ HTTP/1.1" 200 4080
INFO 2026-04-11 18:37:48,493 log "GET /static/admin/css/dark_mode.css HTTP/1.1" 200 3538
INFO 2026-04-11 18:37:48,595 log "GET /static/admin/css/login.css HTTP/1.1" 200 951
INFO 2026-04-11 18:37:48,811 log "GET /static/admin/css/base.css HTTP/1.1" 200 23100
INFO 2026-04-11 18:37:48,862 log "GET /static/admin/js/theme.js HTTP/1.1" 200 1653
INFO 2026-04-11 18:37:48,878 log "GET /static/admin/css/nav_sidebar.css HTTP/1.1" 200 2810
INFO 2026-04-11 18:37:49,211 log "GET /static/admin/css/responsive.css HTTP/1.1" 200 16273
INFO 2026-04-11 18:37:49,708 log "GET /static/admin/js/nav_sidebar.js HTTP/1.1" 200 3063
INFO 2026-04-11 18:38:23,577 log "POST /admin/login/?next=/admin/ HTTP/1.1" 302 0
INFO 2026-04-11 18:38:23,978 log "GET /admin/ HTTP/1.1" 200 20164
INFO 2026-04-11 18:38:24,687 log "GET /static/admin/css/dashboard.css HTTP/1.1" 200 441
INFO 2026-04-11 18:38:25,310 log "GET /static/admin/img/icon-addlink.svg HTTP/1.1" 200 593
INFO 2026-04-11 18:38:25,310 log "GET /static/admin/img/icon-deletelink.svg HTTP/1.1" 200 689
INFO 2026-04-11 18:38:25,618 log "GET /static/admin/img/icon-changelink.svg HTTP/1.1" 200 978
INFO 2026-04-11 19:37:00,832 log "GET /admin/tutorials/ HTTP/1.1" 200 5508
INFO 2026-04-11 19:37:13,271 log "GET /admin/tutorials/tutorial/add/ HTTP/1.1" 200 19733
INFO 2026-04-11 19:37:13,823 log "GET /admin/jsi18n/ HTTP/1.1" 200 3342
INFO 2026-04-11 19:37:13,868 log "GET /static/admin/css/forms.css HTTP/1.1" 200 8831
INFO 2026-04-11 19:37:14,232 log "GET /static/admin/js/actions.js HTTP/1.1" 200 8076
INFO 2026-04-11 19:37:14,236 log "GET /static/admin/js/jquery.init.js HTTP/1.1" 200 347
INFO 2026-04-11 19:37:14,319 log "GET /static/admin/js/urlify.js HTTP/1.1" 200 7887
INFO 2026-04-11 19:37:14,334 log "GET /static/admin/js/vendor/jquery/jquery.js HTTP/1.1" 200 285314
INFO 2026-04-11 19:37:14,421 log "GET /static/admin/js/prepopulate.js HTTP/1.1" 200 1531
INFO 2026-04-11 19:37:14,494 log "GET /static/admin/js/core.js HTTP/1.1" 200 6208
INFO 2026-04-11 19:37:14,544 log "GET /static/admin/css/widgets.css HTTP/1.1" 200 11811
INFO 2026-04-11 19:37:14,730 log "GET /static/admin/js/prepopulate_init.js HTTP/1.1" 200 586
INFO 2026-04-11 19:37:14,926 log "GET /static/admin/js/admin/RelatedObjectLookups.js HTTP/1.1" 200 9777
INFO 2026-04-11 19:37:14,996 log "GET /static/admin/js/vendor/xregexp/xregexp.js HTTP/1.1" 200 325171
INFO 2026-04-11 19:37:15,488 log "GET /static/admin/js/change_form.js HTTP/1.1" 200 606
INFO 2026-04-11 19:40:49,461 log "OPTIONS /api/analysis/ HTTP/1.1" 200 0
INFO 2026-04-11 19:40:49,571 log "OPTIONS /api/tutorials/ HTTP/1.1" 200 0
INFO 2026-04-11 19:40:49,584 log "OPTIONS /api/analysis/ HTTP/1.1" 200 0
INFO 2026-04-11 19:40:49,600 log "OPTIONS /api/tutorials/ HTTP/1.1" 200 0
WARNING 2026-04-11 19:40:51,724 log Unauthorized: /api/analysis/
WARNING 2026-04-11 19:40:51,729 log Unauthorized: /api/tutorials/
WARNING 2026-04-11 19:40:51,734 log "GET /api/analysis/ HTTP/1.1" 401 172
WARNING 2026-04-11 19:40:52,118 log "GET /api/tutorials/ HTTP/1.1" 401 172
WARNING 2026-04-11 19:40:52,373 log Unauthorized: /api/analysis/
WARNING 2026-04-11 19:40:52,588 log Unauthorized: /api/tutorials/
INFO 2026-04-11 19:40:53,057 basehttp - Broken pipe from ('127.0.0.1', 56313)
INFO 2026-04-11 19:40:53,068 basehttp - Broken pipe from ('127.0.0.1', 56314)
INFO 2026-04-11 19:52:02,921 log "OPTIONS /api/token/ HTTP/1.1" 200 0
INFO 2026-04-11 19:52:06,111 log "POST /api/token/ HTTP/1.1" 200 489
INFO 2026-04-11 19:52:07,682 log "GET /api/analysis/ HTTP/1.1" 200 2
INFO 2026-04-11 19:52:07,742 log "GET /api/tutorials/ HTTP/1.1" 200 535
INFO 2026-04-11 19:52:07,751 log "GET /api/analysis/ HTTP/1.1" 200 2
INFO 2026-04-11 19:52:07,786 log "GET /api/tutorials/ HTTP/1.1" 200 535
INFO 2026-04-11 19:52:30,096 log "OPTIONS /api/uploads/upload/ HTTP/1.1" 200 0
INFO 2026-04-11 19:53:07,262 log "POST /api/uploads/upload/ HTTP/1.1" 201 56
INFO 2026-04-11 19:53:09,609 log "GET /api/analysis/ HTTP/1.1" 200 291
INFO 2026-04-11 19:53:09,614 log "GET /api/tutorials/ HTTP/1.1" 200 535
INFO 2026-04-11 19:53:09,643 log "GET /api/analysis/ HTTP/1.1" 200 291
INFO 2026-04-11 19:53:09,662 log "GET /api/tutorials/ HTTP/1.1" 200 535
INFO 2026-04-11 19:54:43,595 log "POST /api/uploads/upload/ HTTP/1.1" 201 56
INFO 2026-04-11 19:54:46,019 log "GET /api/tutorials/ HTTP/1.1" 200 535
INFO 2026-04-11 19:54:46,027 log "GET /api/analysis/ HTTP/1.1" 200 582
INFO 2026-04-11 19:54:46,086 log "GET /api/tutorials/ HTTP/1.1" 200 535
INFO 2026-04-11 19:54:46,111 log "GET /api/analysis/ HTTP/1.1" 200 582
INFO 2026-04-11 19:55:20,686 log "OPTIONS /api/analysis/2/ HTTP/1.1" 200 0
INFO 2026-04-11 19:55:20,693 log "OPTIONS /api/ioc/analysis/2/ HTTP/1.1" 200 0
INFO 2026-04-11 19:55:20,696 log "OPTIONS /api/yara/matches/2/ HTTP/1.1" 200 0
INFO 2026-04-11 19:55:20,792 log "GET /api/analysis/2/ HTTP/1.1" 200 290
INFO 2026-04-11 19:55:20,796 log "GET /api/ioc/analysis/2/ HTTP/1.1" 200 2
INFO 2026-04-11 19:55:20,797 log "OPTIONS /api/cve/matches/2/ HTTP/1.1" 200 0
INFO 2026-04-11 19:55:20,863 log "OPTIONS /api/cve/matches/2/ HTTP/1.1" 200 0
INFO 2026-04-11 19:55:20,886 log "GET /api/yara/matches/2/ HTTP/1.1" 200 2
INFO 2026-04-11 19:55:20,898 log "GET /api/analysis/2/ HTTP/1.1" 200 290
INFO 2026-04-11 19:55:20,919 log "GET /api/ioc/analysis/2/ HTTP/1.1" 200 2
INFO 2026-04-11 19:55:20,984 log "GET /api/cve/matches/2/ HTTP/1.1" 200 2
INFO 2026-04-11 19:55:21,033 log "GET /api/yara/matches/2/ HTTP/1.1" 200 2
INFO 2026-04-11 19:55:21,102 log "GET /api/cve/matches/2/ HTTP/1.1" 200 2
INFO 2026-04-11 20:03:32,904 autoreload Watching for file changes with StatReloader
INFO 2026-04-11 20:03:50,790 log "GET /api/ioc/analysis/2/ HTTP/1.1" 200 2
INFO 2026-04-11 20:03:50,800 log "GET /api/yara/matches/2/ HTTP/1.1" 200 2
INFO 2026-04-11 20:03:50,800 log "GET /api/cve/matches/2/ HTTP/1.1" 200 2
INFO 2026-04-11 20:03:50,825 log "GET /api/yara/matches/2/ HTTP/1.1" 200 2
INFO 2026-04-11 20:03:50,830 log "GET /api/ioc/analysis/2/ HTTP/1.1" 200 2
INFO 2026-04-11 20:03:50,849 log "GET /api/cve/matches/2/ HTTP/1.1" 200 2
INFO 2026-04-11 20:03:50,872 log "GET /api/analysis/2/ HTTP/1.1" 200 290
INFO 2026-04-11 20:03:51,012 log "GET /api/analysis/2/ HTTP/1.1" 200 290
INFO 2026-04-11 20:04:07,294 log "POST /api/uploads/upload/ HTTP/1.1" 201 56
INFO 2026-04-11 20:04:09,690 log "GET /api/analysis/ HTTP/1.1" 200 872
INFO 2026-04-11 20:04:09,690 log "GET /api/tutorials/ HTTP/1.1" 200 535
INFO 2026-04-11 20:04:09,715 log "GET /api/tutorials/ HTTP/1.1" 200 535
INFO 2026-04-11 20:04:09,774 log "GET /api/analysis/ HTTP/1.1" 200 872
INFO 2026-04-11 20:47:42,172 autoreload Watching for file changes with StatReloader
WARNING 2026-04-11 20:47:54,663 log Not Found: /
WARNING 2026-04-11 20:47:54,678 log "GET / HTTP/1.1" 404 3547
INFO 2026-04-11 20:48:51,713 log "GET /api/tutorials/ HTTP/1.1" 200 535
INFO 2026-04-11 20:48:51,734 log "GET /api/analysis/ HTTP/1.1" 200 872
INFO 2026-04-11 20:48:51,740 log "GET /api/tutorials/ HTTP/1.1" 200 535
INFO 2026-04-11 20:48:51,779 log "GET /api/analysis/ HTTP/1.1" 200 872
INFO 2026-04-11 20:49:26,979 log "POST /api/uploads/upload/ HTTP/1.1" 201 56
INFO 2026-04-11 20:49:29,396 log "GET /api/tutorials/ HTTP/1.1" 200 535
INFO 2026-04-11 20:49:29,417 log "GET /api/analysis/ HTTP/1.1" 200 1099
INFO 2026-04-11 20:49:29,501 log "GET /api/tutorials/ HTTP/1.1" 200 535
INFO 2026-04-11 20:49:29,750 log "GET /api/analysis/ HTTP/1.1" 200 1099
INFO 2026-04-11 20:50:07,216 log "POST /api/uploads/upload/ HTTP/1.1" 201 56
INFO 2026-04-11 20:50:09,604 log "GET /api/tutorials/ HTTP/1.1" 200 535
INFO 2026-04-11 20:50:09,642 log "GET /api/tutorials/ HTTP/1.1" 200 535
INFO 2026-04-11 20:50:09,643 log "GET /api/analysis/ HTTP/1.1" 200 1330
INFO 2026-04-11 20:50:09,727 log "GET /api/analysis/ HTTP/1.1" 200 1330
INFO 2026-04-11 20:53:57,611 log "OPTIONS /api/analysis/5/ HTTP/1.1" 200 0
INFO 2026-04-11 20:53:57,651 log "OPTIONS /api/yara/matches/5/ HTTP/1.1" 200 0
INFO 2026-04-11 20:53:57,678 log "OPTIONS /api/ioc/analysis/5/ HTTP/1.1" 200 0
INFO 2026-04-11 20:53:57,678 log "OPTIONS /api/cve/matches/5/ HTTP/1.1" 200 0
INFO 2026-04-11 20:53:57,697 log "OPTIONS /api/ioc/analysis/5/ HTTP/1.1" 200 0
WARNING 2026-04-11 20:53:57,714 log Unauthorized: /api/cve/matches/5/
INFO 2026-04-11 20:53:57,715 log "OPTIONS /api/cve/matches/5/ HTTP/1.1" 200 0
WARNING 2026-04-11 20:53:57,721 log Unauthorized: /api/ioc/analysis/5/
WARNING 2026-04-11 20:53:57,730 log Unauthorized: /api/analysis/5/
WARNING 2026-04-11 20:53:57,747 log Unauthorized: /api/yara/matches/5/
WARNING 2026-04-11 20:53:57,749 log "GET /api/cve/matches/5/ HTTP/1.1" 401 172
WARNING 2026-04-11 20:53:57,883 log "GET /api/ioc/analysis/5/ HTTP/1.1" 401 172
WARNING 2026-04-11 20:53:57,887 log "GET /api/yara/matches/5/ HTTP/1.1" 401 172
WARNING 2026-04-11 20:53:57,890 log "GET /api/analysis/5/ HTTP/1.1" 401 172
WARNING 2026-04-11 20:53:57,904 log Unauthorized: /api/cve/matches/5/
WARNING 2026-04-11 20:53:57,916 log "GET /api/cve/matches/5/ HTTP/1.1" 401 172
WARNING 2026-04-11 20:53:57,976 log Unauthorized: /api/yara/matches/5/
WARNING 2026-04-11 20:53:58,061 log Unauthorized: /api/analysis/5/
WARNING 2026-04-11 20:53:58,101 log Unauthorized: /api/ioc/analysis/5/
INFO 2026-04-11 20:53:58,318 basehttp - Broken pipe from ('127.0.0.1', 61402)
INFO 2026-04-11 20:53:58,385 basehttp - Broken pipe from ('127.0.0.1', 61401)
INFO 2026-04-11 20:53:58,397 basehttp - Broken pipe from ('127.0.0.1', 61554)
INFO 2026-04-11 20:54:21,424 log "POST /api/token/ HTTP/1.1" 200 489
INFO 2026-04-11 20:54:22,562 log "GET /api/analysis/ HTTP/1.1" 200 1330
INFO 2026-04-11 20:54:22,706 log "GET /api/tutorials/ HTTP/1.1" 200 535
INFO 2026-04-11 20:54:22,808 log "GET /api/analysis/ HTTP/1.1" 200 1330
INFO 2026-04-11 20:54:22,978 log "GET /api/tutorials/ HTTP/1.1" 200 535
INFO 2026-04-11 20:54:39,423 log "GET /api/yara/matches/5/ HTTP/1.1" 200 2
INFO 2026-04-11 20:54:39,438 log "GET /api/ioc/analysis/5/ HTTP/1.1" 200 3552
INFO 2026-04-11 20:54:39,449 log "GET /api/analysis/5/ HTTP/1.1" 200 230
INFO 2026-04-11 20:54:39,523 log "GET /api/analysis/5/ HTTP/1.1" 200 230
INFO 2026-04-11 20:54:39,526 log "GET /api/ioc/analysis/5/ HTTP/1.1" 200 3552
INFO 2026-04-11 20:54:39,540 log "GET /api/cve/matches/5/ HTTP/1.1" 200 2
INFO 2026-04-11 20:54:39,566 log "GET /api/cve/matches/5/ HTTP/1.1" 200 2
INFO 2026-04-11 20:54:39,632 log "GET /api/yara/matches/5/ HTTP/1.1" 200 2
INFO 2026-04-11 20:55:48,114 log "GET /api/tutorials/ HTTP/1.1" 200 535
INFO 2026-04-11 20:55:48,131 log "GET /api/analysis/ HTTP/1.1" 200 1330
INFO 2026-04-11 20:55:48,147 log "GET /api/tutorials/ HTTP/1.1" 200 535
INFO 2026-04-11 20:55:48,206 log "GET /api/analysis/ HTTP/1.1" 200 1330
INFO 2026-04-11 20:56:17,734 log "POST /api/token/ HTTP/1.1" 200 489
INFO 2026-04-11 20:56:18,981 log "GET /api/analysis/ HTTP/1.1" 200 1330
INFO 2026-04-11 20:56:19,098 log "GET /api/tutorials/ HTTP/1.1" 200 535
INFO 2026-04-11 20:56:19,226 log "GET /api/analysis/ HTTP/1.1" 200 1330
INFO 2026-04-11 20:56:19,565 log "GET /api/tutorials/ HTTP/1.1" 200 535
INFO 2026-04-11 21:01:17,838 log "POST /api/uploads/upload/ HTTP/1.1" 201 56
INFO 2026-04-11 21:01:20,249 log "GET /api/tutorials/ HTTP/1.1" 200 535
INFO 2026-04-11 21:01:20,283 log "GET /api/analysis/ HTTP/1.1" 200 1559
INFO 2026-04-11 21:01:20,284 log "GET /api/tutorials/ HTTP/1.1" 200 535
INFO 2026-04-11 21:01:20,337 log "GET /api/analysis/ HTTP/1.1" 200 1559
INFO 2026-04-11 21:01:29,398 log "OPTIONS /api/analysis/6/ HTTP/1.1" 200 0
INFO 2026-04-11 21:01:29,403 log "OPTIONS /api/ioc/analysis/6/ HTTP/1.1" 200 0
INFO 2026-04-11 21:01:29,445 log "OPTIONS /api/yara/matches/6/ HTTP/1.1" 200 0
INFO 2026-04-11 21:01:29,467 log "OPTIONS /api/cve/matches/6/ HTTP/1.1" 200 0
INFO 2026-04-11 21:01:29,485 log "OPTIONS /api/yara/matches/6/ HTTP/1.1" 200 0
INFO 2026-04-11 21:01:29,490 log "OPTIONS /api/cve/matches/6/ HTTP/1.1" 200 0
INFO 2026-04-11 21:01:29,516 log "GET /api/analysis/6/ HTTP/1.1" 200 228
INFO 2026-04-11 21:01:29,572 log "GET /api/ioc/analysis/6/ HTTP/1.1" 200 3551
INFO 2026-04-11 21:01:29,582 log "GET /api/yara/matches/6/ HTTP/1.1" 200 2
INFO 2026-04-11 21:01:29,603 log "GET /api/cve/matches/6/ HTTP/1.1" 200 2
INFO 2026-04-11 21:01:29,607 log "GET /api/analysis/6/ HTTP/1.1" 200 228
INFO 2026-04-11 21:01:29,634 log "GET /api/ioc/analysis/6/ HTTP/1.1" 200 3551
INFO 2026-04-11 21:01:29,672 log "GET /api/cve/matches/6/ HTTP/1.1" 200 2
INFO 2026-04-11 21:01:29,673 log "GET /api/yara/matches/6/ HTTP/1.1" 200 2
INFO 2026-04-11 21:08:59,013 log "POST /api/uploads/upload/ HTTP/1.1" 201 56
INFO 2026-04-11 21:09:01,384 log "GET /api/analysis/ HTTP/1.1" 200 1790
INFO 2026-04-11 21:09:01,390 log "GET /api/tutorials/ HTTP/1.1" 200 535
INFO 2026-04-11 21:09:01,416 log "GET /api/tutorials/ HTTP/1.1" 200 535
INFO 2026-04-11 21:09:01,616 log "GET /api/analysis/ HTTP/1.1" 200 1790
INFO 2026-04-11 21:09:17,783 log "OPTIONS /api/analysis/7/ HTTP/1.1" 200 0
INFO 2026-04-11 21:09:17,784 log "OPTIONS /api/ioc/analysis/7/ HTTP/1.1" 200 0
INFO 2026-04-11 21:09:17,790 log "OPTIONS /api/yara/matches/7/ HTTP/1.1" 200 0
INFO 2026-04-11 21:09:17,809 log "OPTIONS /api/yara/matches/7/ HTTP/1.1" 200 0
INFO 2026-04-11 21:09:17,816 log "OPTIONS /api/cve/matches/7/ HTTP/1.1" 200 0
INFO 2026-04-11 21:09:18,572 log "OPTIONS /api/cve/matches/7/ HTTP/1.1" 200 0
INFO 2026-04-11 21:09:18,581 log "OPTIONS /api/analysis/7/ HTTP/1.1" 200 0
INFO 2026-04-11 21:09:18,596 log "GET /api/ioc/analysis/7/ HTTP/1.1" 200 3985
INFO 2026-04-11 21:09:18,622 log "OPTIONS /api/ioc/analysis/7/ HTTP/1.1" 200 0
INFO 2026-04-11 21:09:18,630 log "GET /api/analysis/7/ HTTP/1.1" 200 230
INFO 2026-04-11 21:09:18,634 log "GET /api/yara/matches/7/ HTTP/1.1" 200 2
INFO 2026-04-11 21:09:18,683 log "GET /api/cve/matches/7/ HTTP/1.1" 200 2
INFO 2026-04-11 21:09:18,727 log "GET /api/ioc/analysis/7/ HTTP/1.1" 200 3985
INFO 2026-04-11 21:09:18,741 log "GET /api/analysis/7/ HTTP/1.1" 200 230
INFO 2026-04-11 21:09:18,797 log "GET /api/yara/matches/7/ HTTP/1.1" 200 2
INFO 2026-04-11 21:09:18,798 log "GET /api/cve/matches/7/ HTTP/1.1" 200 2
INFO 2026-04-11 21:10:25,378 log "GET /api/tutorials/ HTTP/1.1" 200 535
INFO 2026-04-11 21:10:25,410 log "GET /api/analysis/ HTTP/1.1" 200 1790
INFO 2026-04-11 21:10:25,426 log "GET /api/tutorials/ HTTP/1.1" 200 535
INFO 2026-04-11 21:10:25,497 log "GET /api/analysis/ HTTP/1.1" 200 1790
INFO 2026-04-11 22:29:35,914 autoreload Watching for file changes with StatReloader
WARNING 2026-04-11 22:29:49,884 log Not Found: /
WARNING 2026-04-11 22:29:49,903 log "GET / HTTP/1.1" 404 3547
INFO 2026-04-11 22:30:59,976 log "OPTIONS /api/tutorials/ HTTP/1.1" 200 0
INFO 2026-04-11 22:30:59,993 log "OPTIONS /api/analysis/ HTTP/1.1" 200 0
INFO 2026-04-11 22:31:00,028 log "OPTIONS /api/tutorials/ HTTP/1.1" 200 0
INFO 2026-04-11 22:31:00,213 log "OPTIONS /api/analysis/ HTTP/1.1" 200 0
WARNING 2026-04-11 22:31:00,678 log Unauthorized: /api/tutorials/
WARNING 2026-04-11 22:31:00,697 log Unauthorized: /api/analysis/
WARNING 2026-04-11 22:31:00,719 log "GET /api/tutorials/ HTTP/1.1" 401 172
WARNING 2026-04-11 22:31:00,913 log Unauthorized: /api/tutorials/
WARNING 2026-04-11 22:31:01,443 log "GET /api/analysis/ HTTP/1.1" 401 172
INFO 2026-04-11 22:31:02,196 basehttp - Broken pipe from ('127.0.0.1', 58249)
INFO 2026-04-11 22:31:15,352 log "OPTIONS /api/token/ HTTP/1.1" 200 0
INFO 2026-04-11 22:31:18,041 log "POST /api/token/ HTTP/1.1" 200 489
INFO 2026-04-11 22:31:18,890 log "GET /api/tutorials/ HTTP/1.1" 200 535
INFO 2026-04-11 22:31:18,929 log "GET /api/tutorials/ HTTP/1.1" 200 535
INFO 2026-04-11 22:31:18,969 log "GET /api/analysis/ HTTP/1.1" 200 1790
INFO 2026-04-11 22:31:19,095 log "GET /api/analysis/ HTTP/1.1" 200 1790
INFO 2026-04-11 22:36:35,664 log "OPTIONS /api/uploads/upload/ HTTP/1.1" 200 0
INFO 2026-04-11 22:36:48,431 log "POST /api/uploads/upload/ HTTP/1.1" 201 56
INFO 2026-04-11 22:36:50,829 log "GET /api/tutorials/ HTTP/1.1" 200 535
INFO 2026-04-11 22:36:50,883 log "GET /api/analysis/ HTTP/1.1" 200 2021
INFO 2026-04-11 22:36:50,957 log "GET /api/tutorials/ HTTP/1.1" 200 535
INFO 2026-04-11 22:36:50,970 log "GET /api/analysis/ HTTP/1.1" 200 2021
INFO 2026-04-11 22:37:04,823 log "OPTIONS /api/analysis/8/ HTTP/1.1" 200 0
INFO 2026-04-11 22:37:04,833 log "OPTIONS /api/yara/matches/8/ HTTP/1.1" 200 0
INFO 2026-04-11 22:37:04,869 log "OPTIONS /api/ioc/analysis/8/ HTTP/1.1" 200 0
INFO 2026-04-11 22:37:04,882 log "OPTIONS /api/ioc/analysis/8/ HTTP/1.1" 200 0
INFO 2026-04-11 22:37:04,905 log "OPTIONS /api/cve/matches/8/ HTTP/1.1" 200 0
INFO 2026-04-11 22:37:04,919 log "OPTIONS /api/cve/matches/8/ HTTP/1.1" 200 0
INFO 2026-04-11 22:37:04,971 log "GET /api/yara/matches/8/ HTTP/1.1" 200 2
INFO 2026-04-11 22:37:04,994 log "GET /api/yara/matches/8/ HTTP/1.1" 200 2
INFO 2026-04-11 22:37:05,010 log "GET /api/analysis/8/ HTTP/1.1" 200 230
INFO 2026-04-11 22:37:05,029 log "GET /api/cve/matches/8/ HTTP/1.1" 200 2
INFO 2026-04-11 22:37:05,032 log "GET /api/ioc/analysis/8/ HTTP/1.1" 200 4214
INFO 2026-04-11 22:37:05,072 log "GET /api/cve/matches/8/ HTTP/1.1" 200 2
INFO 2026-04-11 22:37:05,091 log "GET /api/analysis/8/ HTTP/1.1" 200 230
INFO 2026-04-11 22:37:05,115 log "GET /api/ioc/analysis/8/ HTTP/1.1" 200 4214
INFO 2026-04-11 22:38:14,886 log "POST /api/uploads/upload/ HTTP/1.1" 201 56
INFO 2026-04-11 22:38:17,220 log "GET /api/tutorials/ HTTP/1.1" 200 535
INFO 2026-04-11 22:38:17,298 log "GET /api/tutorials/ HTTP/1.1" 200 535
INFO 2026-04-11 22:38:17,317 log "GET /api/analysis/ HTTP/1.1" 200 2242
INFO 2026-04-11 22:38:17,437 log "GET /api/analysis/ HTTP/1.1" 200 2242
INFO 2026-04-11 22:38:29,757 log "OPTIONS /api/analysis/9/ HTTP/1.1" 200 0
INFO 2026-04-11 22:38:29,769 log "OPTIONS /api/ioc/analysis/9/ HTTP/1.1" 200 0
INFO 2026-04-11 22:38:29,769 log "OPTIONS /api/yara/matches/9/ HTTP/1.1" 200 0
INFO 2026-04-11 22:38:29,785 log "OPTIONS /api/cve/matches/9/ HTTP/1.1" 200 0
INFO 2026-04-11 22:38:29,785 log "OPTIONS /api/analysis/9/ HTTP/1.1" 200 0
INFO 2026-04-11 22:38:29,873 log "OPTIONS /api/ioc/analysis/9/ HTTP/1.1" 200 0
INFO 2026-04-11 22:38:29,881 log "GET /api/analysis/9/ HTTP/1.1" 200 220
INFO 2026-04-11 22:38:29,884 log "OPTIONS /api/cve/matches/9/ HTTP/1.1" 200 0
INFO 2026-04-11 22:38:30,109 log "GET /api/cve/matches/9/ HTTP/1.1" 200 178
INFO 2026-04-11 22:38:30,146 log "GET /api/yara/matches/9/ HTTP/1.1" 200 2
INFO 2026-04-11 22:38:30,225 log "OPTIONS /api/yara/matches/9/ HTTP/1.1" 200 0
INFO 2026-04-11 22:38:30,294 log "GET /api/cve/matches/9/ HTTP/1.1" 200 178
INFO 2026-04-11 22:38:30,388 log "GET /api/ioc/analysis/9/ HTTP/1.1" 200 974
INFO 2026-04-11 22:38:30,470 log "GET /api/yara/matches/9/ HTTP/1.1" 200 2
INFO 2026-04-11 22:38:30,533 log "GET /api/analysis/9/ HTTP/1.1" 200 220
INFO 2026-04-11 22:38:30,542 log "GET /api/ioc/analysis/9/ HTTP/1.1" 200 974
INFO 2026-04-11 22:39:22,881 log "POST /api/uploads/upload/ HTTP/1.1" 201 57
INFO 2026-04-11 22:39:25,194 log "GET /api/tutorials/ HTTP/1.1" 200 535
INFO 2026-04-11 22:39:25,232 log "GET /api/tutorials/ HTTP/1.1" 200 535
INFO 2026-04-11 22:39:25,265 log "GET /api/analysis/ HTTP/1.1" 200 2467
INFO 2026-04-11 22:39:25,327 log "GET /api/analysis/ HTTP/1.1" 200 2467
INFO 2026-04-11 22:39:34,307 log "OPTIONS /api/analysis/10/ HTTP/1.1" 200 0
INFO 2026-04-11 22:39:34,314 log "OPTIONS /api/ioc/analysis/10/ HTTP/1.1" 200 0
INFO 2026-04-11 22:39:34,336 log "OPTIONS /api/yara/matches/10/ HTTP/1.1" 200 0
INFO 2026-04-11 22:39:34,336 log "OPTIONS /api/cve/matches/10/ HTTP/1.1" 200 0
INFO 2026-04-11 22:39:34,479 log "OPTIONS /api/cve/matches/10/ HTTP/1.1" 200 0
INFO 2026-04-11 22:39:34,495 log "GET /api/yara/matches/10/ HTTP/1.1" 200 2
INFO 2026-04-11 22:39:34,503 log "GET /api/cve/matches/10/ HTTP/1.1" 200 2
INFO 2026-04-11 22:39:34,639 log "OPTIONS /api/yara/matches/10/ HTTP/1.1" 200 0
INFO 2026-04-11 22:39:34,661 log "GET /api/ioc/analysis/10/ HTTP/1.1" 200 727
INFO 2026-04-11 22:39:34,723 log "GET /api/analysis/10/ HTTP/1.1" 200 224
INFO 2026-04-11 22:39:34,769 log "GET /api/ioc/analysis/10/ HTTP/1.1" 200 727
INFO 2026-04-11 22:39:34,846 log "GET /api/yara/matches/10/ HTTP/1.1" 200 2
INFO 2026-04-11 22:39:34,890 log "GET /api/cve/matches/10/ HTTP/1.1" 200 2
INFO 2026-04-11 22:39:34,942 log "GET /api/analysis/10/ HTTP/1.1" 200 224
INFO 2026-04-11 22:40:04,539 log "POST /api/uploads/upload/ HTTP/1.1" 201 57
INFO 2026-04-11 22:40:06,865 log "GET /api/tutorials/ HTTP/1.1" 200 535
INFO 2026-04-11 22:40:06,906 log "GET /api/tutorials/ HTTP/1.1" 200 535
INFO 2026-04-11 22:40:06,937 log "GET /api/analysis/ HTTP/1.1" 200 2690
INFO 2026-04-11 22:40:07,060 log "GET /api/analysis/ HTTP/1.1" 200 2690
INFO 2026-04-11 22:40:16,997 log "OPTIONS /api/analysis/11/ HTTP/1.1" 200 0
INFO 2026-04-11 22:40:17,021 log "OPTIONS /api/yara/matches/11/ HTTP/1.1" 200 0
INFO 2026-04-11 22:40:17,021 log "OPTIONS /api/cve/matches/11/ HTTP/1.1" 200 0
INFO 2026-04-11 22:40:17,021 log "OPTIONS /api/ioc/analysis/11/ HTTP/1.1" 200 0
INFO 2026-04-11 22:40:17,021 log "OPTIONS /api/cve/matches/11/ HTTP/1.1" 200 0
INFO 2026-04-11 22:40:17,021 log "OPTIONS /api/yara/matches/11/ HTTP/1.1" 200 0
INFO 2026-04-11 22:40:17,037 log "OPTIONS /api/ioc/analysis/11/ HTTP/1.1" 200 0
INFO 2026-04-11 22:40:17,092 log "GET /api/analysis/11/ HTTP/1.1" 200 222
INFO 2026-04-11 22:40:17,177 log "GET /api/ioc/analysis/11/ HTTP/1.1" 200 268
INFO 2026-04-11 22:40:17,185 log "GET /api/cve/matches/11/ HTTP/1.1" 200 2
INFO 2026-04-11 22:40:17,185 log "GET /api/analysis/11/ HTTP/1.1" 200 222
INFO 2026-04-11 22:40:17,195 log "GET /api/yara/matches/11/ HTTP/1.1" 200 2
INFO 2026-04-11 22:40:17,285 log "GET /api/ioc/analysis/11/ HTTP/1.1" 200 268
INFO 2026-04-11 22:40:17,302 log "GET /api/cve/matches/11/ HTTP/1.1" 200 2
INFO 2026-04-11 22:40:17,336 log "GET /api/yara/matches/11/ HTTP/1.1" 200 2
INFO 2026-04-15 22:45:19,920 autoreload Watching for file changes with StatReloader
WARNING 2026-04-15 22:47:08,720 log Not Found: /
WARNING 2026-04-15 22:47:08,818 log "GET / HTTP/1.1" 404 3547
INFO 2026-04-15 22:47:17,435 log "GET /admin/ HTTP/1.1" 200 20164
INFO 2026-04-15 22:47:17,524 log "GET /static/admin/css/base.css HTTP/1.1" 304 0
INFO 2026-04-15 22:47:17,533 log "GET /static/admin/css/dark_mode.css HTTP/1.1" 304 0
INFO 2026-04-15 22:47:17,604 log "GET /static/admin/js/theme.js HTTP/1.1" 304 0
INFO 2026-04-15 22:47:18,253 log "GET /static/admin/css/nav_sidebar.css HTTP/1.1" 304 0
INFO 2026-04-15 22:47:18,255 log "GET /static/admin/css/dashboard.css HTTP/1.1" 304 0
INFO 2026-04-15 22:47:19,105 log "GET /static/admin/js/nav_sidebar.js HTTP/1.1" 304 0
INFO 2026-04-15 22:47:19,554 log "GET /static/admin/css/responsive.css HTTP/1.1" 304 0
INFO 2026-04-15 22:47:20,560 log "GET /static/admin/img/icon-addlink.svg HTTP/1.1" 304 0
INFO 2026-04-15 22:47:20,566 log "GET /static/admin/img/icon-deletelink.svg HTTP/1.1" 304 0
INFO 2026-04-15 22:47:20,567 log "GET /static/admin/img/icon-changelink.svg HTTP/1.1" 304 0
INFO 2026-04-15 23:13:27,501 autoreload Watching for file changes with StatReloader
WARNING 2026-04-15 23:14:01,842 log Not Found: /
WARNING 2026-04-15 23:14:01,849 log "GET / HTTP/1.1" 404 3547
INFO 2026-04-17 20:28:30,238 autoreload Watching for file changes with StatReloader
WARNING 2026-04-17 20:29:04,849 log Not Found: /
WARNING 2026-04-17 20:29:04,909 log "GET / HTTP/1.1" 404 3547
INFO 2026-04-17 20:29:42,619 log "OPTIONS /api/tutorials/ HTTP/1.1" 200 0
INFO 2026-04-17 20:29:42,659 log "OPTIONS /api/analysis/ HTTP/1.1" 200 0
INFO 2026-04-17 20:29:42,676 log "OPTIONS /api/tutorials/ HTTP/1.1" 200 0
INFO 2026-04-17 20:29:42,714 log "OPTIONS /api/analysis/ HTTP/1.1" 200 0
WARNING 2026-04-17 20:29:44,255 log Unauthorized: /api/tutorials/
WARNING 2026-04-17 20:29:44,255 log Unauthorized: /api/analysis/
WARNING 2026-04-17 20:29:44,267 log "GET /api/tutorials/ HTTP/1.1" 401 172
WARNING 2026-04-17 20:29:44,295 log "GET /api/analysis/ HTTP/1.1" 401 172
WARNING 2026-04-17 20:29:44,429 log Unauthorized: /api/tutorials/
WARNING 2026-04-17 20:29:44,552 log Unauthorized: /api/analysis/
WARNING 2026-04-17 20:29:44,553 log "GET /api/tutorials/ HTTP/1.1" 401 172
INFO 2026-04-17 20:29:45,309 basehttp - Broken pipe from ('127.0.0.1', 63331)
INFO 2026-04-17 20:30:17,424 log "OPTIONS /api/token/ HTTP/1.1" 200 0
INFO 2026-04-17 20:30:20,250 log "POST /api/token/ HTTP/1.1" 200 489
INFO 2026-04-17 20:30:22,114 log "GET /api/tutorials/ HTTP/1.1" 200 3578
INFO 2026-04-17 20:30:22,204 log "GET /api/analysis/ HTTP/1.1" 200 2690
INFO 2026-04-17 20:30:22,503 log "GET /api/tutorials/ HTTP/1.1" 200 3578
INFO 2026-04-17 20:30:22,594 log "GET /api/analysis/ HTTP/1.1" 200 2690
INFO 2026-04-17 20:30:52,078 log "OPTIONS /api/analysis/ml-insights/ HTTP/1.1" 200 0
INFO 2026-04-17 20:30:52,080 log "OPTIONS /api/analysis/ml-insights/ HTTP/1.1" 200 0
ERROR 2026-04-17 20:30:52,825 log Internal Server Error: /api/analysis/ml-insights/
Traceback (most recent call last):
  File "C:\capstone_project\.venv\Lib\site-packages\django\core\handlers\exception.py", line 55, in inner
    response = get_response(request)
               ^^^^^^^^^^^^^^^^^^^^^
  File "C:\capstone_project\.venv\Lib\site-packages\django\core\handlers\base.py", line 198, in _get_response
    response = wrapped_callback(request, *callback_args, **callback_kwargs)
               ^^^^^^^^^^^^^^^^^^^^^^^^^^^^^^^^^^^^^^^^^^^^^^^^^^^^^^^^^^^^
  File "C:\capstone_project\.venv\Lib\site-packages\django\views\decorators\csrf.py", line 65, in _view_wrapper
    return view_func(request, *args, **kwargs)
           ^^^^^^^^^^^^^^^^^^^^^^^^^^^^^^^^^^^
  File "C:\capstone_project\.venv\Lib\site-packages\django\views\generic\base.py", line 106, in view
    return self.dispatch(request, *args, **kwargs)
           ^^^^^^^^^^^^^^^^^^^^^^^^^^^^^^^^^^^^^^^
  File "C:\capstone_project\.venv\Lib\site-packages\rest_framework\views.py", line 515, in dispatch
    response = self.handle_exception(exc)
               ^^^^^^^^^^^^^^^^^^^^^^^^^^
  File "C:\capstone_project\.venv\Lib\site-packages\rest_framework\views.py", line 475, in handle_exception
    self.raise_uncaught_exception(exc)
  File "C:\capstone_project\.venv\Lib\site-packages\rest_framework\views.py", line 486, in raise_uncaught_exception
    raise exc
  File "C:\capstone_project\.venv\Lib\site-packages\rest_framework\views.py", line 512, in dispatch
    response = handler(request, *args, **kwargs)
               ^^^^^^^^^^^^^^^^^^^^^^^^^^^^^^^^^
  File "C:\capstone_project\backend\threat_intel\apps\analysis\views.py", line 44, in get
    .annotate(
     ^^^^^^^^^
  File "C:\capstone_project\.venv\Lib\site-packages\django\db\models\manager.py", line 87, in manager_method
    return getattr(self.get_queryset(), name)(*args, **kwargs)
           ^^^^^^^^^^^^^^^^^^^^^^^^^^^^^^^^^^^^^^^^^^^^^^^^^^^
  File "C:\capstone_project\.venv\Lib\site-packages\django\db\models\query.py", line 1699, in annotate
    return self._annotate(args, kwargs, select=True)
           ^^^^^^^^^^^^^^^^^^^^^^^^^^^^^^^^^^^^^^^^^
  File "C:\capstone_project\.venv\Lib\site-packages\django\db\models\query.py", line 1751, in _annotate
    clone.query.add_annotation(
  File "C:\capstone_project\.venv\Lib\site-packages\django\db\models\sql\query.py", line 1247, in add_annotation
    annotation = annotation.resolve_expression(self, allow_joins=True, reuse=None)
                 ^^^^^^^^^^^^^^^^^^^^^^^^^^^^^^^^^^^^^^^^^^^^^^^^^^^^^^^^^^^^^^^^^
  File "C:\capstone_project\.venv\Lib\site-packages\django\db\models\aggregates.py", line 261, in resolve_expression
    result = super().resolve_expression(*args, **kwargs)
             ^^^^^^^^^^^^^^^^^^^^^^^^^^^^^^^^^^^^^^^^^^^
  File "C:\capstone_project\.venv\Lib\site-packages\django\db\models\aggregates.py", line 122, in resolve_expression
    c = super().resolve_expression(query, allow_joins, reuse, summarize)
        ^^^^^^^^^^^^^^^^^^^^^^^^^^^^^^^^^^^^^^^^^^^^^^^^^^^^^^^^^^^^^^^^
  File "C:\capstone_project\.venv\Lib\site-packages\django\db\models\expressions.py", line 301, in resolve_expression
    expr.resolve_expression(query, allow_joins, reuse, summarize, for_save)
  File "C:\capstone_project\.venv\Lib\site-packages\django\db\models\expressions.py", line 904, in resolve_expression
    return query.resolve_ref(self.name, allow_joins, reuse, summarize)
           ^^^^^^^^^^^^^^^^^^^^^^^^^^^^^^^^^^^^^^^^^^^^^^^^^^^^^^^^^^^
  File "C:\capstone_project\.venv\Lib\site-packages\django\db\models\sql\query.py", line 2087, in resolve_ref
    join_info = self.setup_joins(
                ^^^^^^^^^^^^^^^^^
  File "C:\capstone_project\.venv\Lib\site-packages\django\db\models\sql\query.py", line 1937, in setup_joins
    path, final_field, targets, rest = self.names_to_path(
                                       ^^^^^^^^^^^^^^^^^^^
  File "C:\capstone_project\.venv\Lib\site-packages\django\db\models\sql\query.py", line 1842, in names_to_path
    raise FieldError(
django.core.exceptions.FieldError: Cannot resolve keyword 'extractedioc' into field. Choices are: created_at, cve_matches, extracted_iocs, feedbacks, id, risk_score, riskscoredetail, status, summary, threat_level, upload, upload_id, yara_matches
ERROR 2026-04-17 20:30:53,002 log "GET /api/analysis/ml-insights/ HTTP/1.1" 500 27364
ERROR 2026-04-17 20:30:53,153 log Internal Server Error: /api/analysis/ml-insights/
Traceback (most recent call last):
  File "C:\capstone_project\.venv\Lib\site-packages\django\core\handlers\exception.py", line 55, in inner
    response = get_response(request)
               ^^^^^^^^^^^^^^^^^^^^^
  File "C:\capstone_project\.venv\Lib\site-packages\django\core\handlers\base.py", line 198, in _get_response
    response = wrapped_callback(request, *callback_args, **callback_kwargs)
               ^^^^^^^^^^^^^^^^^^^^^^^^^^^^^^^^^^^^^^^^^^^^^^^^^^^^^^^^^^^^
  File "C:\capstone_project\.venv\Lib\site-packages\django\views\decorators\csrf.py", line 65, in _view_wrapper
    return view_func(request, *args, **kwargs)
           ^^^^^^^^^^^^^^^^^^^^^^^^^^^^^^^^^^^
  File "C:\capstone_project\.venv\Lib\site-packages\django\views\generic\base.py", line 106, in view
    return self.dispatch(request, *args, **kwargs)
           ^^^^^^^^^^^^^^^^^^^^^^^^^^^^^^^^^^^^^^^
  File "C:\capstone_project\.venv\Lib\site-packages\rest_framework\views.py", line 515, in dispatch
    response = self.handle_exception(exc)
               ^^^^^^^^^^^^^^^^^^^^^^^^^^
  File "C:\capstone_project\.venv\Lib\site-packages\rest_framework\views.py", line 475, in handle_exception
    self.raise_uncaught_exception(exc)
  File "C:\capstone_project\.venv\Lib\site-packages\rest_framework\views.py", line 486, in raise_uncaught_exception
    raise exc
  File "C:\capstone_project\.venv\Lib\site-packages\rest_framework\views.py", line 512, in dispatch
    response = handler(request, *args, **kwargs)
               ^^^^^^^^^^^^^^^^^^^^^^^^^^^^^^^^^
  File "C:\capstone_project\backend\threat_intel\apps\analysis\views.py", line 44, in get
    .annotate(
     ^^^^^^^^^
  File "C:\capstone_project\.venv\Lib\site-packages\django\db\models\manager.py", line 87, in manager_method
    return getattr(self.get_queryset(), name)(*args, **kwargs)
           ^^^^^^^^^^^^^^^^^^^^^^^^^^^^^^^^^^^^^^^^^^^^^^^^^^^
  File "C:\capstone_project\.venv\Lib\site-packages\django\db\models\query.py", line 1699, in annotate
    return self._annotate(args, kwargs, select=True)
           ^^^^^^^^^^^^^^^^^^^^^^^^^^^^^^^^^^^^^^^^^
  File "C:\capstone_project\.venv\Lib\site-packages\django\db\models\query.py", line 1751, in _annotate
    clone.query.add_annotation(
  File "C:\capstone_project\.venv\Lib\site-packages\django\db\models\sql\query.py", line 1247, in add_annotation
    annotation = annotation.resolve_expression(self, allow_joins=True, reuse=None)
                 ^^^^^^^^^^^^^^^^^^^^^^^^^^^^^^^^^^^^^^^^^^^^^^^^^^^^^^^^^^^^^^^^^
  File "C:\capstone_project\.venv\Lib\site-packages\django\db\models\aggregates.py", line 261, in resolve_expression
    result = super().resolve_expression(*args, **kwargs)
             ^^^^^^^^^^^^^^^^^^^^^^^^^^^^^^^^^^^^^^^^^^^
  File "C:\capstone_project\.venv\Lib\site-packages\django\db\models\aggregates.py", line 122, in resolve_expression
    c = super().resolve_expression(query, allow_joins, reuse, summarize)
        ^^^^^^^^^^^^^^^^^^^^^^^^^^^^^^^^^^^^^^^^^^^^^^^^^^^^^^^^^^^^^^^^
  File "C:\capstone_project\.venv\Lib\site-packages\django\db\models\expressions.py", line 301, in resolve_expression
    expr.resolve_expression(query, allow_joins, reuse, summarize, for_save)
  File "C:\capstone_project\.venv\Lib\site-packages\django\db\models\expressions.py", line 904, in resolve_expression
    return query.resolve_ref(self.name, allow_joins, reuse, summarize)
           ^^^^^^^^^^^^^^^^^^^^^^^^^^^^^^^^^^^^^^^^^^^^^^^^^^^^^^^^^^^
  File "C:\capstone_project\.venv\Lib\site-packages\django\db\models\sql\query.py", line 2087, in resolve_ref
    join_info = self.setup_joins(
                ^^^^^^^^^^^^^^^^^
  File "C:\capstone_project\.venv\Lib\site-packages\django\db\models\sql\query.py", line 1937, in setup_joins
    path, final_field, targets, rest = self.names_to_path(
                                       ^^^^^^^^^^^^^^^^^^^
  File "C:\capstone_project\.venv\Lib\site-packages\django\db\models\sql\query.py", line 1842, in names_to_path
    raise FieldError(
django.core.exceptions.FieldError: Cannot resolve keyword 'extractedioc' into field. Choices are: created_at, cve_matches, extracted_iocs, feedbacks, id, risk_score, riskscoredetail, status, summary, threat_level, upload, upload_id, yara_matches
ERROR 2026-04-17 20:30:53,321 log "GET /api/analysis/ml-insights/ HTTP/1.1" 500 27364
INFO 2026-04-17 20:31:00,375 log "GET /api/analysis/ HTTP/1.1" 200 2690
INFO 2026-04-17 20:31:00,583 log "GET /api/analysis/ HTTP/1.1" 200 2690
INFO 2026-04-17 20:31:06,747 log "GET /api/tutorials/ HTTP/1.1" 200 3578
INFO 2026-04-17 20:31:06,765 log "GET /api/tutorials/ HTTP/1.1" 200 3578
INFO 2026-04-17 20:32:14,297 log "OPTIONS /api/uploads/upload/ HTTP/1.1" 200 0
INFO 2026-04-17 20:32:51,247 log "POST /api/uploads/upload/ HTTP/1.1" 201 57
INFO 2026-04-17 20:32:53,644 log "GET /api/tutorials/ HTTP/1.1" 200 3578
INFO 2026-04-17 20:32:53,697 log "GET /api/analysis/ HTTP/1.1" 200 2920
INFO 2026-04-17 20:32:53,919 log "GET /api/tutorials/ HTTP/1.1" 200 3578
INFO 2026-04-17 20:32:53,948 log "GET /api/analysis/ HTTP/1.1" 200 2920
INFO 2026-04-17 20:33:20,238 log "OPTIONS /api/analysis/12/ HTTP/1.1" 200 0
INFO 2026-04-17 20:33:20,257 log "OPTIONS /api/yara/matches/12/ HTTP/1.1" 200 0
INFO 2026-04-17 20:33:20,262 log "OPTIONS /api/cve/matches/12/ HTTP/1.1" 200 0
INFO 2026-04-17 20:33:20,265 log "OPTIONS /api/ioc/analysis/12/ HTTP/1.1" 200 0
INFO 2026-04-17 20:33:20,315 log "OPTIONS /api/ioc/analysis/12/ HTTP/1.1" 200 0
INFO 2026-04-17 20:33:20,341 log "OPTIONS /api/yara/matches/12/ HTTP/1.1" 200 0
INFO 2026-04-17 20:33:20,377 log "GET /api/analysis/12/ HTTP/1.1" 200 229
INFO 2026-04-17 20:33:20,408 log "OPTIONS /api/cve/matches/12/ HTTP/1.1" 200 0
INFO 2026-04-17 20:33:20,463 log "GET /api/ioc/analysis/12/ HTTP/1.1" 200 4240
INFO 2026-04-17 20:33:20,467 log "GET /api/cve/matches/12/ HTTP/1.1" 200 2
INFO 2026-04-17 20:33:20,472 log "GET /api/yara/matches/12/ HTTP/1.1" 200 2
INFO 2026-04-17 20:33:20,499 log "GET /api/analysis/12/ HTTP/1.1" 200 229
INFO 2026-04-17 20:33:20,547 log "GET /api/ioc/analysis/12/ HTTP/1.1" 200 4240
INFO 2026-04-17 20:33:20,580 log "GET /api/yara/matches/12/ HTTP/1.1" 200 2
INFO 2026-04-17 20:33:20,629 log "GET /api/cve/matches/12/ HTTP/1.1" 200 2
INFO 2026-04-17 20:33:58,358 log "OPTIONS /api/users/profile/ HTTP/1.1" 200 0
INFO 2026-04-17 20:33:58,477 log "GET /api/users/profile/ HTTP/1.1" 200 426
INFO 2026-04-17 20:33:58,502 log "GET /api/analysis/ HTTP/1.1" 200 2920
INFO 2026-04-17 20:33:58,526 log "GET /api/users/profile/ HTTP/1.1" 200 426
INFO 2026-04-17 20:33:58,614 log "GET /api/analysis/ HTTP/1.1" 200 2920
INFO 2026-04-17 21:41:40,545 log "OPTIONS /api/users/register/ HTTP/1.1" 200 0
INFO 2026-04-17 21:41:43,628 log "POST /api/users/register/ HTTP/1.1" 201 42
INFO 2026-04-17 21:42:08,736 log "POST /api/token/ HTTP/1.1" 200 489
INFO 2026-04-17 21:42:11,840 log "GET /api/analysis/ HTTP/1.1" 200 2920
INFO 2026-04-17 21:42:11,887 log "GET /api/tutorials/ HTTP/1.1" 200 3578
INFO 2026-04-17 21:42:13,171 log "GET /api/analysis/ HTTP/1.1" 200 2920
INFO 2026-04-17 21:42:13,917 log "GET /api/tutorials/ HTTP/1.1" 200 3578
INFO 2026-04-17 21:42:23,126 log "GET /api/yara/matches/12/ HTTP/1.1" 200 2
INFO 2026-04-17 21:42:23,138 log "GET /api/cve/matches/12/ HTTP/1.1" 200 2
INFO 2026-04-17 21:42:23,138 log "GET /api/analysis/12/ HTTP/1.1" 200 229
INFO 2026-04-17 21:42:23,138 log "GET /api/ioc/analysis/12/ HTTP/1.1" 200 4240
INFO 2026-04-17 21:42:23,238 log "GET /api/yara/matches/12/ HTTP/1.1" 200 2
INFO 2026-04-17 21:42:23,307 log "GET /api/cve/matches/12/ HTTP/1.1" 200 2
INFO 2026-04-17 21:42:23,343 log "GET /api/analysis/12/ HTTP/1.1" 200 229
INFO 2026-04-17 21:42:23,406 log "GET /api/ioc/analysis/12/ HTTP/1.1" 200 4240
INFO 2026-05-10 13:44:38,222 autoreload Watching for file changes with StatReloader
WARNING 2026-05-10 13:44:44,482 log Not Found: /
WARNING 2026-05-10 13:44:44,484 log "GET / HTTP/1.1" 404 3547
WARNING 2026-05-10 13:44:45,227 log Not Found: /favicon.ico
WARNING 2026-05-10 13:44:45,229 log "GET /favicon.ico HTTP/1.1" 404 3598
INFO 2026-05-10 13:45:28,605 log "OPTIONS /api/analysis/ HTTP/1.1" 200 0
INFO 2026-05-10 13:45:28,611 log "OPTIONS /api/tutorials/ HTTP/1.1" 200 0
INFO 2026-05-10 13:45:28,624 log "OPTIONS /api/analysis/ HTTP/1.1" 200 0
INFO 2026-05-10 13:45:28,627 log "OPTIONS /api/tutorials/ HTTP/1.1" 200 0
WARNING 2026-05-10 13:45:28,690 log Unauthorized: /api/tutorials/
WARNING 2026-05-10 13:45:28,692 log Unauthorized: /api/analysis/
WARNING 2026-05-10 13:45:28,693 log "GET /api/tutorials/ HTTP/1.1" 401 172
WARNING 2026-05-10 13:45:28,694 log "GET /api/analysis/ HTTP/1.1" 401 172
WARNING 2026-05-10 13:45:28,713 log Unauthorized: /api/tutorials/
WARNING 2026-05-10 13:45:28,720 log Unauthorized: /api/analysis/
WARNING 2026-05-10 13:45:28,722 log "GET /api/tutorials/ HTTP/1.1" 401 172
WARNING 2026-05-10 13:45:28,727 log "GET /api/analysis/ HTTP/1.1" 401 172
INFO 2026-05-10 13:47:59,870 log "OPTIONS /api/token/ HTTP/1.1" 200 0
INFO 2026-05-10 13:48:04,036 log "POST /api/token/ HTTP/1.1" 200 489
INFO 2026-05-10 13:48:04,698 log "GET /api/tutorials/ HTTP/1.1" 200 3578
INFO 2026-05-10 13:48:04,735 log "GET /api/tutorials/ HTTP/1.1" 200 3578
INFO 2026-05-10 13:48:04,780 log "GET /api/analysis/ HTTP/1.1" 200 3138
INFO 2026-05-10 13:48:04,882 log "GET /api/analysis/ HTTP/1.1" 200 3138
INFO 2026-05-10 13:49:31,213 log "OPTIONS /api/uploads/upload/ HTTP/1.1" 200 0
INFO 2026-05-10 13:50:00,095 log "POST /api/uploads/upload/ HTTP/1.1" 201 71
INFO 2026-05-10 13:50:02,370 log "GET /api/tutorials/ HTTP/1.1" 200 3578
INFO 2026-05-10 13:50:02,395 log "GET /api/tutorials/ HTTP/1.1" 200 3578
INFO 2026-05-10 13:50:02,438 log "GET /api/analysis/ HTTP/1.1" 200 3362
INFO 2026-05-10 13:50:02,504 log "GET /api/analysis/ HTTP/1.1" 200 3362
INFO 2026-05-10 13:50:14,714 log "OPTIONS /api/analysis/14/ HTTP/1.1" 200 0
INFO 2026-05-10 13:50:14,750 log "OPTIONS /api/ioc/analysis/14/ HTTP/1.1" 200 0
INFO 2026-05-10 13:50:14,776 log "OPTIONS /api/yara/matches/14/ HTTP/1.1" 200 0
INFO 2026-05-10 13:50:14,778 log "OPTIONS /api/cve/matches/14/ HTTP/1.1" 200 0
INFO 2026-05-10 13:50:14,792 log "OPTIONS /api/cve/matches/14/ HTTP/1.1" 200 0
INFO 2026-05-10 13:50:14,794 log "OPTIONS /api/analysis/14/ HTTP/1.1" 200 0
INFO 2026-05-10 13:50:14,802 log "OPTIONS /api/ioc/analysis/14/ HTTP/1.1" 200 0
INFO 2026-05-10 13:50:14,819 log "OPTIONS /api/yara/matches/14/ HTTP/1.1" 200 0
INFO 2026-05-10 13:50:14,846 log "GET /api/yara/matches/14/ HTTP/1.1" 200 2
INFO 2026-05-10 13:50:14,847 log "GET /api/cve/matches/14/ HTTP/1.1" 200 180
INFO 2026-05-10 13:50:14,848 log "GET /api/ioc/analysis/14/ HTTP/1.1" 200 684
INFO 2026-05-10 13:50:14,849 log "GET /api/analysis/14/ HTTP/1.1" 200 223
INFO 2026-05-10 13:50:14,885 log "GET /api/ioc/analysis/14/ HTTP/1.1" 200 684
INFO 2026-05-10 13:50:14,890 log "GET /api/yara/matches/14/ HTTP/1.1" 200 2
INFO 2026-05-10 13:50:14,890 log "GET /api/cve/matches/14/ HTTP/1.1" 200 180
INFO 2026-05-10 13:50:14,892 log "GET /api/analysis/14/ HTTP/1.1" 200 223
INFO 2026-05-10 13:51:46,416 log "GET /api/tutorials/ HTTP/1.1" 200 3578
INFO 2026-05-10 13:51:46,440 log "GET /api/tutorials/ HTTP/1.1" 200 3578
INFO 2026-05-10 13:51:48,621 log "GET /api/analysis/ HTTP/1.1" 200 3362
INFO 2026-05-10 13:51:48,687 log "GET /api/analysis/ HTTP/1.1" 200 3362
INFO 2026-05-10 13:51:55,267 log "GET /api/analysis/ HTTP/1.1" 200 3362
INFO 2026-05-10 13:51:55,322 log "GET /api/analysis/ HTTP/1.1" 200 3362
INFO 2026-05-10 13:52:12,305 log "POST /api/uploads/upload/ HTTP/1.1" 201 71
INFO 2026-05-10 13:52:14,641 log "GET /api/tutorials/ HTTP/1.1" 200 3578
INFO 2026-05-10 13:52:14,702 log "GET /api/tutorials/ HTTP/1.1" 200 3578
INFO 2026-05-10 13:52:14,767 log "GET /api/analysis/ HTTP/1.1" 200 3594
INFO 2026-05-10 13:52:14,843 log "GET /api/analysis/ HTTP/1.1" 200 3594
INFO 2026-05-10 13:52:23,379 log "OPTIONS /api/ioc/analysis/15/ HTTP/1.1" 200 0
INFO 2026-05-10 13:52:23,417 log "OPTIONS /api/yara/matches/15/ HTTP/1.1" 200 0
INFO 2026-05-10 13:52:23,423 log "OPTIONS /api/analysis/15/ HTTP/1.1" 200 0
INFO 2026-05-10 13:52:23,423 log "OPTIONS /api/cve/matches/15/ HTTP/1.1" 200 0
INFO 2026-05-10 13:52:23,424 log "OPTIONS /api/ioc/analysis/15/ HTTP/1.1" 200 0
INFO 2026-05-10 13:52:23,424 log "OPTIONS /api/analysis/15/ HTTP/1.1" 200 0
INFO 2026-05-10 13:52:23,425 log "OPTIONS /api/yara/matches/15/ HTTP/1.1" 200 0
INFO 2026-05-10 13:52:23,463 log "OPTIONS /api/cve/matches/15/ HTTP/1.1" 200 0
INFO 2026-05-10 13:52:23,502 log "GET /api/cve/matches/15/ HTTP/1.1" 200 2
INFO 2026-05-10 13:52:23,503 log "GET /api/yara/matches/15/ HTTP/1.1" 200 2
INFO 2026-05-10 13:52:23,512 log "GET /api/analysis/15/ HTTP/1.1" 200 231
INFO 2026-05-10 13:52:23,525 log "GET /api/ioc/analysis/15/ HTTP/1.1" 200 4248
INFO 2026-05-10 13:52:23,535 log "GET /api/yara/matches/15/ HTTP/1.1" 200 2
INFO 2026-05-10 13:52:23,537 log "GET /api/cve/matches/15/ HTTP/1.1" 200 2
INFO 2026-05-10 13:52:23,547 log "GET /api/analysis/15/ HTTP/1.1" 200 231
INFO 2026-05-10 13:52:23,558 log "GET /api/ioc/analysis/15/ HTTP/1.1" 200 4248
INFO 2026-05-10 14:08:07,430 log "OPTIONS /api/analysis/ml-insights/ HTTP/1.1" 200 0
INFO 2026-05-10 14:08:07,425 log "OPTIONS /api/analysis/ml-insights/ HTTP/1.1" 200 0
INFO 2026-05-10 14:08:07,723 log "GET /api/analysis/ml-insights/ HTTP/1.1" 200 2652
INFO 2026-05-10 14:08:07,771 log "GET /api/analysis/ml-insights/ HTTP/1.1" 200 2652
INFO 2026-05-10 14:09:07,977 log "GET /api/analysis/ HTTP/1.1" 200 3594
INFO 2026-05-10 14:09:08,034 log "GET /api/analysis/ HTTP/1.1" 200 3594
INFO 2026-05-10 14:09:14,412 log "GET /api/analysis/ HTTP/1.1" 200 3594
INFO 2026-05-10 14:09:14,459 log "GET /api/analysis/ HTTP/1.1" 200 3594
INFO 2026-05-10 14:09:31,703 log "GET /api/tutorials/ HTTP/1.1" 200 3578
INFO 2026-05-10 14:09:31,721 log "GET /api/tutorials/ HTTP/1.1" 200 3578
INFO 2026-05-10 14:09:34,940 log "GET /api/tutorials/ HTTP/1.1" 200 3578
INFO 2026-05-10 14:09:34,973 log "GET /api/tutorials/ HTTP/1.1" 200 3578
INFO 2026-05-10 14:09:34,997 log "GET /api/analysis/ HTTP/1.1" 200 3594
INFO 2026-05-10 14:09:35,041 log "GET /api/analysis/ HTTP/1.1" 200 3594
INFO 2026-05-17 23:07:56,027 autoreload Watching for file changes with StatReloader
WARNING 2026-05-17 23:08:09,369 log Not Found: /
WARNING 2026-05-17 23:08:09,373 log "GET / HTTP/1.1" 404 3547
WARNING 2026-05-17 23:08:09,929 log Not Found: /favicon.ico
WARNING 2026-05-17 23:08:09,930 log "GET /favicon.ico HTTP/1.1" 404 3598
WARNING 2026-05-17 23:08:33,377 log Not Found: /
WARNING 2026-05-17 23:08:33,402 log "GET / HTTP/1.1" 404 3547
WARNING 2026-05-17 23:08:34,528 log Not Found: /favicon.ico
WARNING 2026-05-17 23:08:34,538 log "GET /favicon.ico HTTP/1.1" 404 3598
INFO 2026-05-17 23:10:10,409 log "OPTIONS /api/token/ HTTP/1.1" 200 0
INFO 2026-05-17 23:10:13,822 log "POST /api/token/ HTTP/1.1" 200 489
INFO 2026-05-17 23:10:14,524 log "OPTIONS /api/analysis/ HTTP/1.1" 200 0
INFO 2026-05-17 23:10:14,543 log "OPTIONS /api/tutorials/ HTTP/1.1" 200 0
INFO 2026-05-17 23:10:14,568 log "OPTIONS /api/analysis/ HTTP/1.1" 200 0
INFO 2026-05-17 23:10:14,576 log "OPTIONS /api/tutorials/ HTTP/1.1" 200 0
INFO 2026-05-17 23:10:14,685 log "GET /api/tutorials/ HTTP/1.1" 200 3578
INFO 2026-05-17 23:10:14,703 log "GET /api/tutorials/ HTTP/1.1" 200 3578
INFO 2026-05-17 23:10:14,759 log "GET /api/analysis/ HTTP/1.1" 200 3594
INFO 2026-05-17 23:10:14,846 log "GET /api/analysis/ HTTP/1.1" 200 3594
INFO 2026-05-17 23:10:35,164 log "GET /api/tutorials/ HTTP/1.1" 200 3578
INFO 2026-05-17 23:10:35,181 log "GET /api/tutorials/ HTTP/1.1" 200 3578
INFO 2026-05-17 23:14:43,082 log "OPTIONS /api/uploads/upload/ HTTP/1.1" 200 0
INFO 2026-05-17 23:15:36,378 log "POST /api/uploads/upload/ HTTP/1.1" 201 71
INFO 2026-05-17 23:15:38,700 log "GET /api/tutorials/ HTTP/1.1" 200 3578
INFO 2026-05-17 23:15:38,733 log "GET /api/tutorials/ HTTP/1.1" 200 3578
INFO 2026-05-17 23:15:38,773 log "GET /api/analysis/ HTTP/1.1" 200 3877
INFO 2026-05-17 23:15:38,840 log "GET /api/analysis/ HTTP/1.1" 200 3877
INFO 2026-05-17 23:15:52,367 log "OPTIONS /api/analysis/16/ HTTP/1.1" 200 0
INFO 2026-05-17 23:15:52,381 log "OPTIONS /api/ioc/analysis/16/ HTTP/1.1" 200 0
INFO 2026-05-17 23:15:52,384 log "OPTIONS /api/yara/matches/16/ HTTP/1.1" 200 0
INFO 2026-05-17 23:15:52,392 log "OPTIONS /api/cve/matches/16/ HTTP/1.1" 200 0
INFO 2026-05-17 23:15:52,393 log "OPTIONS /api/ioc/analysis/16/ HTTP/1.1" 200 0
INFO 2026-05-17 23:15:52,414 log "OPTIONS /api/analysis/16/ HTTP/1.1" 200 0
INFO 2026-05-17 23:15:52,415 log "OPTIONS /api/cve/matches/16/ HTTP/1.1" 200 0
INFO 2026-05-17 23:15:52,426 log "OPTIONS /api/yara/matches/16/ HTTP/1.1" 200 0
INFO 2026-05-17 23:15:52,444 log "GET /api/yara/matches/16/ HTTP/1.1" 200 2
INFO 2026-05-17 23:15:52,458 log "GET /api/cve/matches/16/ HTTP/1.1" 200 2
INFO 2026-05-17 23:15:52,464 log "GET /api/analysis/16/ HTTP/1.1" 200 282
INFO 2026-05-17 23:15:52,487 log "GET /api/ioc/analysis/16/ HTTP/1.1" 200 11616
INFO 2026-05-17 23:15:52,498 log "GET /api/yara/matches/16/ HTTP/1.1" 200 2
INFO 2026-05-17 23:15:52,514 log "GET /api/cve/matches/16/ HTTP/1.1" 200 2
INFO 2026-05-17 23:15:52,522 log "GET /api/analysis/16/ HTTP/1.1" 200 282
INFO 2026-05-17 23:15:52,542 log "GET /api/ioc/analysis/16/ HTTP/1.1" 200 11616
INFO 2026-05-17 23:17:28,502 log "POST /api/uploads/upload/ HTTP/1.1" 201 71
INFO 2026-05-17 23:17:30,841 log "GET /api/tutorials/ HTTP/1.1" 200 3578
INFO 2026-05-17 23:17:30,859 log "GET /api/tutorials/ HTTP/1.1" 200 3578
INFO 2026-05-17 23:17:31,059 log "GET /api/analysis/ HTTP/1.1" 200 4102
INFO 2026-05-17 23:17:31,181 log "GET /api/analysis/ HTTP/1.1" 200 4102
INFO 2026-05-17 23:17:37,630 log "OPTIONS /api/analysis/17/ HTTP/1.1" 200 0
INFO 2026-05-17 23:17:37,667 log "OPTIONS /api/ioc/analysis/17/ HTTP/1.1" 200 0
INFO 2026-05-17 23:17:37,671 log "OPTIONS /api/ioc/analysis/17/ HTTP/1.1" 200 0
INFO 2026-05-17 23:17:37,672 log "OPTIONS /api/yara/matches/17/ HTTP/1.1" 200 0
INFO 2026-05-17 23:17:37,672 log "OPTIONS /api/yara/matches/17/ HTTP/1.1" 200 0
INFO 2026-05-17 23:17:37,673 log "OPTIONS /api/analysis/17/ HTTP/1.1" 200 0
INFO 2026-05-17 23:17:37,684 log "OPTIONS /api/cve/matches/17/ HTTP/1.1" 200 0
INFO 2026-05-17 23:17:37,724 log "OPTIONS /api/cve/matches/17/ HTTP/1.1" 200 0
INFO 2026-05-17 23:17:37,871 log "GET /api/yara/matches/17/ HTTP/1.1" 200 2
INFO 2026-05-17 23:17:37,872 log "GET /api/cve/matches/17/ HTTP/1.1" 200 2
INFO 2026-05-17 23:17:37,882 log "GET /api/analysis/17/ HTTP/1.1" 200 224
INFO 2026-05-17 23:17:37,970 log "GET /api/ioc/analysis/17/ HTTP/1.1" 200 730
INFO 2026-05-17 23:17:38,003 log "GET /api/cve/matches/17/ HTTP/1.1" 200 2
INFO 2026-05-17 23:17:38,094 log "GET /api/yara/matches/17/ HTTP/1.1" 200 2
INFO 2026-05-17 23:17:38,128 log "GET /api/analysis/17/ HTTP/1.1" 200 224
INFO 2026-05-17 23:17:38,133 log "GET /api/ioc/analysis/17/ HTTP/1.1" 200 730
INFO 2026-05-17 23:19:34,855 log "GET /api/tutorials/ HTTP/1.1" 200 3578
INFO 2026-05-17 23:19:34,897 log "GET /api/tutorials/ HTTP/1.1" 200 3578
INFO 2026-05-17 23:19:51,244 log "GET /api/analysis/ HTTP/1.1" 200 4102
INFO 2026-05-17 23:19:51,309 log "GET /api/analysis/ HTTP/1.1" 200 4102
INFO 2026-05-17 23:20:20,411 log "OPTIONS /api/analysis/ml-insights/ HTTP/1.1" 200 0
INFO 2026-05-17 23:20:20,430 log "OPTIONS /api/analysis/ml-insights/ HTTP/1.1" 200 0
INFO 2026-05-17 23:20:20,551 log "GET /api/analysis/ml-insights/ HTTP/1.1" 200 3037
INFO 2026-05-17 23:20:20,618 log "GET /api/analysis/ml-insights/ HTTP/1.1" 200 3037
INFO 2026-05-17 23:21:49,963 log "GET /api/analysis/ HTTP/1.1" 200 4102
INFO 2026-05-17 23:21:50,061 log "GET /api/analysis/ HTTP/1.1" 200 4102
INFO 2026-05-19 22:46:11,736 autoreload Watching for file changes with StatReloader
INFO 2026-05-19 22:47:30,783 log "OPTIONS /api/analysis/ HTTP/1.1" 200 0
INFO 2026-05-19 22:47:30,784 log "OPTIONS /api/tutorials/ HTTP/1.1" 200 0
INFO 2026-05-19 22:47:30,787 log "OPTIONS /api/tutorials/ HTTP/1.1" 200 0
INFO 2026-05-19 22:47:30,787 log "OPTIONS /api/analysis/ HTTP/1.1" 200 0
WARNING 2026-05-19 22:47:30,831 log Unauthorized: /api/tutorials/
WARNING 2026-05-19 22:47:30,832 log Unauthorized: /api/analysis/
WARNING 2026-05-19 22:47:30,833 log "GET /api/tutorials/ HTTP/1.1" 401 172
WARNING 2026-05-19 22:47:30,834 log "GET /api/analysis/ HTTP/1.1" 401 172
WARNING 2026-05-19 22:47:30,840 log Unauthorized: /api/analysis/
WARNING 2026-05-19 22:47:30,843 log Unauthorized: /api/tutorials/
WARNING 2026-05-19 22:47:30,845 log "GET /api/tutorials/ HTTP/1.1" 401 172
WARNING 2026-05-19 22:47:30,845 log "GET /api/analysis/ HTTP/1.1" 401 172
INFO 2026-05-19 22:47:43,876 log "OPTIONS /api/token/ HTTP/1.1" 200 0
INFO 2026-05-19 22:47:45,105 log "POST /api/token/ HTTP/1.1" 200 489
INFO 2026-05-19 22:47:45,594 log "GET /api/tutorials/ HTTP/1.1" 200 3578
INFO 2026-05-19 22:47:45,611 log "GET /api/tutorials/ HTTP/1.1" 200 3578
INFO 2026-05-19 22:47:45,640 log "GET /api/analysis/ HTTP/1.1" 200 4102
INFO 2026-05-19 22:47:45,695 log "GET /api/analysis/ HTTP/1.1" 200 4102
INFO 2026-05-19 22:48:00,179 log "OPTIONS /api/uploads/upload/ HTTP/1.1" 200 0
INFO 2026-05-19 22:48:40,471 log "POST /api/uploads/upload/ HTTP/1.1" 201 71
INFO 2026-05-19 22:48:43,204 log "GET /api/tutorials/ HTTP/1.1" 200 3578
INFO 2026-05-19 22:48:43,220 log "GET /api/tutorials/ HTTP/1.1" 200 3578
INFO 2026-05-19 22:48:43,254 log "GET /api/analysis/ HTTP/1.1" 200 4334
INFO 2026-05-19 22:48:43,296 log "GET /api/analysis/ HTTP/1.1" 200 4334
INFO 2026-05-19 22:48:57,994 log "OPTIONS /api/analysis/18/ HTTP/1.1" 200 0
INFO 2026-05-19 22:48:57,998 log "OPTIONS /api/ioc/analysis/18/ HTTP/1.1" 200 0
INFO 2026-05-19 22:48:58,002 log "OPTIONS /api/yara/matches/18/ HTTP/1.1" 200 0
INFO 2026-05-19 22:48:58,012 log "OPTIONS /api/cve/matches/18/ HTTP/1.1" 200 0
INFO 2026-05-19 22:48:58,012 log "OPTIONS /api/ioc/analysis/18/ HTTP/1.1" 200 0
INFO 2026-05-19 22:48:58,018 log "OPTIONS /api/analysis/18/ HTTP/1.1" 200 0
INFO 2026-05-19 22:48:58,019 log "OPTIONS /api/cve/matches/18/ HTTP/1.1" 200 0
INFO 2026-05-19 22:48:58,049 log "OPTIONS /api/yara/matches/18/ HTTP/1.1" 200 0
INFO 2026-05-19 22:48:58,065 log "GET /api/yara/matches/18/ HTTP/1.1" 200 2
INFO 2026-05-19 22:48:58,080 log "GET /api/cve/matches/18/ HTTP/1.1" 200 2
INFO 2026-05-19 22:48:58,089 log "GET /api/analysis/18/ HTTP/1.1" 200 231
INFO 2026-05-19 22:48:58,097 log "GET /api/ioc/analysis/18/ HTTP/1.1" 200 4248
INFO 2026-05-19 22:48:58,109 log "GET /api/cve/matches/18/ HTTP/1.1" 200 2
INFO 2026-05-19 22:48:58,111 log "GET /api/yara/matches/18/ HTTP/1.1" 200 2
INFO 2026-05-19 22:48:58,116 log "GET /api/analysis/18/ HTTP/1.1" 200 231
INFO 2026-05-19 22:48:58,122 log "GET /api/ioc/analysis/18/ HTTP/1.1" 200 4248
INFO 2026-05-19 22:49:31,770 log "GET /api/tutorials/ HTTP/1.1" 200 3578
INFO 2026-05-19 22:49:31,802 log "GET /api/tutorials/ HTTP/1.1" 200 3578
INFO 2026-05-19 22:49:31,856 log "GET /api/analysis/ HTTP/1.1" 200 4334
INFO 2026-05-19 22:49:31,961 log "GET /api/analysis/ HTTP/1.1" 200 4334
INFO 2026-05-19 22:49:44,023 log "OPTIONS /api/analysis/ml-insights/ HTTP/1.1" 200 0
INFO 2026-05-19 22:49:44,023 log "OPTIONS /api/analysis/ml-insights/ HTTP/1.1" 200 0
INFO 2026-05-19 22:49:44,094 log "GET /api/analysis/ml-insights/ HTTP/1.1" 200 3207
INFO 2026-05-19 22:49:44,131 log "GET /api/analysis/ml-insights/ HTTP/1.1" 200 3207
INFO 2026-05-19 22:50:02,385 log "GET /api/tutorials/ HTTP/1.1" 200 3578
INFO 2026-05-19 22:50:02,403 log "GET /api/tutorials/ HTTP/1.1" 200 3578
INFO 2026-05-19 22:50:02,436 log "GET /api/analysis/ HTTP/1.1" 200 4334
INFO 2026-05-19 22:50:02,471 log "GET /api/analysis/ HTTP/1.1" 200 4334
INFO 2026-05-19 22:50:13,614 log "OPTIONS /api/analysis/9/ HTTP/1.1" 200 0
INFO 2026-05-19 22:50:13,615 log "OPTIONS /api/ioc/analysis/9/ HTTP/1.1" 200 0
INFO 2026-05-19 22:50:13,619 log "OPTIONS /api/yara/matches/9/ HTTP/1.1" 200 0
INFO 2026-05-19 22:50:13,626 log "OPTIONS /api/cve/matches/9/ HTTP/1.1" 200 0
INFO 2026-05-19 22:50:13,637 log "OPTIONS /api/yara/matches/9/ HTTP/1.1" 200 0
INFO 2026-05-19 22:50:13,637 log "OPTIONS /api/ioc/analysis/9/ HTTP/1.1" 200 0
INFO 2026-05-19 22:50:13,654 log "OPTIONS /api/analysis/9/ HTTP/1.1" 200 0
INFO 2026-05-19 22:50:13,674 log "OPTIONS /api/cve/matches/9/ HTTP/1.1" 200 0
INFO 2026-05-19 22:50:13,679 log "GET /api/ioc/analysis/9/ HTTP/1.1" 200 974
INFO 2026-05-19 22:50:13,707 log "GET /api/analysis/9/ HTTP/1.1" 200 220
INFO 2026-05-19 22:50:13,728 log "GET /api/yara/matches/9/ HTTP/1.1" 200 2
INFO 2026-05-19 22:50:13,735 log "GET /api/analysis/9/ HTTP/1.1" 200 220
INFO 2026-05-19 22:50:13,745 log "GET /api/cve/matches/9/ HTTP/1.1" 200 178
INFO 2026-05-19 22:50:13,756 log "GET /api/yara/matches/9/ HTTP/1.1" 200 2
INFO 2026-05-19 22:50:13,764 log "GET /api/ioc/analysis/9/ HTTP/1.1" 200 974
INFO 2026-05-19 22:50:13,774 log "GET /api/cve/matches/9/ HTTP/1.1" 200 178
INFO 2026-05-19 22:50:31,836 log "POST /api/uploads/upload/ HTTP/1.1" 201 71
INFO 2026-05-19 22:50:34,094 log "GET /api/tutorials/ HTTP/1.1" 200 3578
INFO 2026-05-19 22:50:34,118 log "GET /api/tutorials/ HTTP/1.1" 200 3578
INFO 2026-05-19 22:50:34,149 log "GET /api/analysis/ HTTP/1.1" 200 4556
INFO 2026-05-19 22:50:34,247 log "GET /api/analysis/ HTTP/1.1" 200 4556
INFO 2026-05-19 22:51:11,914 log "OPTIONS /api/analysis/19/ HTTP/1.1" 200 0
INFO 2026-05-19 22:51:11,919 log "OPTIONS /api/ioc/analysis/19/ HTTP/1.1" 200 0
INFO 2026-05-19 22:51:11,927 log "OPTIONS /api/yara/matches/19/ HTTP/1.1" 200 0
INFO 2026-05-19 22:51:11,930 log "OPTIONS /api/analysis/19/ HTTP/1.1" 200 0
INFO 2026-05-19 22:51:11,930 log "OPTIONS /api/cve/matches/19/ HTTP/1.1" 200 0
INFO 2026-05-19 22:51:11,942 log "OPTIONS /api/yara/matches/19/ HTTP/1.1" 200 0
INFO 2026-05-19 22:51:11,944 log "OPTIONS /api/cve/matches/19/ HTTP/1.1" 200 0
INFO 2026-05-19 22:51:11,954 log "OPTIONS /api/ioc/analysis/19/ HTTP/1.1" 200 0
INFO 2026-05-19 22:51:11,983 log "GET /api/ioc/analysis/19/ HTTP/1.1" 200 982
INFO 2026-05-19 22:51:11,991 log "GET /api/analysis/19/ HTTP/1.1" 200 221
INFO 2026-05-19 22:51:11,996 log "GET /api/cve/matches/19/ HTTP/1.1" 200 179
INFO 2026-05-19 22:51:12,000 log "GET /api/yara/matches/19/ HTTP/1.1" 200 2
INFO 2026-05-19 22:51:12,017 log "GET /api/analysis/19/ HTTP/1.1" 200 221
INFO 2026-05-19 22:51:12,020 log "GET /api/ioc/analysis/19/ HTTP/1.1" 200 982
INFO 2026-05-19 22:51:12,024 log "GET /api/cve/matches/19/ HTTP/1.1" 200 179
INFO 2026-05-19 22:51:12,026 log "GET /api/yara/matches/19/ HTTP/1.1" 200 2
INFO 2026-05-19 22:57:00,930 log "POST /api/uploads/upload/ HTTP/1.1" 201 71
INFO 2026-05-19 22:57:03,952 log "GET /api/tutorials/ HTTP/1.1" 200 3578
INFO 2026-05-19 22:57:03,978 log "GET /api/tutorials/ HTTP/1.1" 200 3578
INFO 2026-05-19 22:57:04,005 log "GET /api/analysis/ HTTP/1.1" 200 4797
INFO 2026-05-19 22:57:04,064 log "GET /api/analysis/ HTTP/1.1" 200 4797
INFO 2026-05-19 22:57:42,929 log "OPTIONS /api/ioc/analysis/20/ HTTP/1.1" 200 0
INFO 2026-05-19 22:57:42,933 log "OPTIONS /api/analysis/20/ HTTP/1.1" 200 0
INFO 2026-05-19 22:57:42,934 log "OPTIONS /api/yara/matches/20/ HTTP/1.1" 200 0
INFO 2026-05-19 22:57:42,941 log "OPTIONS /api/analysis/20/ HTTP/1.1" 200 0
INFO 2026-05-19 22:57:42,988 log "OPTIONS /api/ioc/analysis/20/ HTTP/1.1" 200 0
INFO 2026-05-19 22:57:42,997 log "OPTIONS /api/cve/matches/20/ HTTP/1.1" 200 0
INFO 2026-05-19 22:57:42,999 log "OPTIONS /api/yara/matches/20/ HTTP/1.1" 200 0
INFO 2026-05-19 22:57:43,048 log "OPTIONS /api/cve/matches/20/ HTTP/1.1" 200 0
INFO 2026-05-19 22:57:43,069 log "GET /api/analysis/20/ HTTP/1.1" 200 240
INFO 2026-05-19 22:57:43,094 log "GET /api/cve/matches/20/ HTTP/1.1" 200 2
INFO 2026-05-19 22:57:43,095 log "GET /api/ioc/analysis/20/ HTTP/1.1" 200 4464
INFO 2026-05-19 22:57:43,095 log "GET /api/yara/matches/20/ HTTP/1.1" 200 2
INFO 2026-05-19 22:57:43,127 log "GET /api/cve/matches/20/ HTTP/1.1" 200 2
INFO 2026-05-19 22:57:43,147 log "GET /api/analysis/20/ HTTP/1.1" 200 240
INFO 2026-05-19 22:57:43,147 log "GET /api/yara/matches/20/ HTTP/1.1" 200 2
INFO 2026-05-19 22:57:43,148 log "GET /api/ioc/analysis/20/ HTTP/1.1" 200 4464
INFO 2026-05-19 22:59:05,570 log "POST /api/uploads/upload/ HTTP/1.1" 201 71
INFO 2026-05-19 22:59:07,957 log "GET /api/tutorials/ HTTP/1.1" 200 3578
INFO 2026-05-19 22:59:07,988 log "GET /api/tutorials/ HTTP/1.1" 200 3578
INFO 2026-05-19 22:59:08,041 log "GET /api/analysis/ HTTP/1.1" 200 5038
INFO 2026-05-19 22:59:08,090 log "GET /api/analysis/ HTTP/1.1" 200 5038
INFO 2026-05-19 22:59:59,132 log "OPTIONS /api/analysis/21/ HTTP/1.1" 200 0
INFO 2026-05-19 22:59:59,134 log "OPTIONS /api/ioc/analysis/21/ HTTP/1.1" 200 0
INFO 2026-05-19 22:59:59,139 log "OPTIONS /api/yara/matches/21/ HTTP/1.1" 200 0
INFO 2026-05-19 22:59:59,145 log "OPTIONS /api/cve/matches/21/ HTTP/1.1" 200 0
INFO 2026-05-19 22:59:59,146 log "OPTIONS /api/analysis/21/ HTTP/1.1" 200 0
INFO 2026-05-19 22:59:59,151 log "OPTIONS /api/ioc/analysis/21/ HTTP/1.1" 200 0
INFO 2026-05-19 22:59:59,151 log "OPTIONS /api/cve/matches/21/ HTTP/1.1" 200 0
INFO 2026-05-19 22:59:59,152 log "OPTIONS /api/yara/matches/21/ HTTP/1.1" 200 0
INFO 2026-05-19 22:59:59,201 log "GET /api/analysis/21/ HTTP/1.1" 200 240
INFO 2026-05-19 22:59:59,207 log "GET /api/ioc/analysis/21/ HTTP/1.1" 200 4689
INFO 2026-05-19 22:59:59,208 log "GET /api/yara/matches/21/ HTTP/1.1" 200 2
INFO 2026-05-19 22:59:59,219 log "GET /api/cve/matches/21/ HTTP/1.1" 200 2
INFO 2026-05-19 22:59:59,231 log "GET /api/analysis/21/ HTTP/1.1" 200 240
INFO 2026-05-19 22:59:59,232 log "GET /api/yara/matches/21/ HTTP/1.1" 200 2
INFO 2026-05-19 22:59:59,237 log "GET /api/cve/matches/21/ HTTP/1.1" 200 2
INFO 2026-05-19 22:59:59,243 log "GET /api/ioc/analysis/21/ HTTP/1.1" 200 4689
INFO 2026-05-19 23:00:17,453 log "GET /api/tutorials/ HTTP/1.1" 200 3578
INFO 2026-05-19 23:00:17,521 log "GET /api/tutorials/ HTTP/1.1" 200 3578
INFO 2026-05-19 23:00:17,557 log "GET /api/analysis/ HTTP/1.1" 200 5038
INFO 2026-05-19 23:00:17,707 log "GET /api/analysis/ HTTP/1.1" 200 5038
INFO 2026-05-19 23:00:22,949 log "GET /api/ioc/analysis/19/ HTTP/1.1" 200 982
INFO 2026-05-19 23:00:22,950 log "GET /api/analysis/19/ HTTP/1.1" 200 221
INFO 2026-05-19 23:00:22,949 log "GET /api/cve/matches/19/ HTTP/1.1" 200 179
INFO 2026-05-19 23:00:22,951 log "GET /api/yara/matches/19/ HTTP/1.1" 200 2
INFO 2026-05-19 23:00:22,979 log "GET /api/cve/matches/19/ HTTP/1.1" 200 179
INFO 2026-05-19 23:00:22,990 log "GET /api/yara/matches/19/ HTTP/1.1" 200 2
INFO 2026-05-19 23:00:22,991 log "GET /api/analysis/19/ HTTP/1.1" 200 221
INFO 2026-05-19 23:00:22,998 log "GET /api/ioc/analysis/19/ HTTP/1.1" 200 982
INFO 2026-05-19 23:09:23,840 autoreload Watching for file changes with StatReloader
INFO 2026-05-19 23:12:12,822 log "POST /api/uploads/upload/ HTTP/1.1" 201 71
INFO 2026-05-19 23:12:15,987 log "GET /api/tutorials/ HTTP/1.1" 200 3578
INFO 2026-05-19 23:12:16,039 log "GET /api/tutorials/ HTTP/1.1" 200 3578
INFO 2026-05-19 23:12:16,119 log "GET /api/analysis/ HTTP/1.1" 200 5279
INFO 2026-05-19 23:12:16,266 log "GET /api/analysis/ HTTP/1.1" 200 5279
INFO 2026-05-19 23:12:57,393 log "OPTIONS /api/ioc/analysis/22/ HTTP/1.1" 200 0
INFO 2026-05-19 23:12:57,403 log "OPTIONS /api/cve/matches/22/ HTTP/1.1" 200 0
INFO 2026-05-19 23:12:57,401 log "OPTIONS /api/analysis/22/ HTTP/1.1" 200 0
INFO 2026-05-19 23:12:57,404 log "OPTIONS /api/yara/matches/22/ HTTP/1.1" 200 0
INFO 2026-05-19 23:12:57,406 log "OPTIONS /api/analysis/22/ HTTP/1.1" 200 0
INFO 2026-05-19 23:12:57,447 log "OPTIONS /api/yara/matches/22/ HTTP/1.1" 200 0
INFO 2026-05-19 23:12:57,463 log "OPTIONS /api/ioc/analysis/22/ HTTP/1.1" 200 0
INFO 2026-05-19 23:12:57,530 log "OPTIONS /api/cve/matches/22/ HTTP/1.1" 200 0
INFO 2026-05-19 23:12:57,806 log "GET /api/cve/matches/22/ HTTP/1.1" 200 2
INFO 2026-05-19 23:12:57,814 log "GET /api/yara/matches/22/ HTTP/1.1" 200 598
INFO 2026-05-19 23:12:57,834 log "GET /api/analysis/22/ HTTP/1.1" 200 240
INFO 2026-05-19 23:12:57,886 log "GET /api/ioc/analysis/22/ HTTP/1.1" 200 4689
INFO 2026-05-19 23:12:57,897 log "GET /api/yara/matches/22/ HTTP/1.1" 200 598
INFO 2026-05-19 23:12:57,897 log "GET /api/cve/matches/22/ HTTP/1.1" 200 2
INFO 2026-05-19 23:12:57,990 log "GET /api/analysis/22/ HTTP/1.1" 200 240
INFO 2026-05-19 23:12:58,006 log "GET /api/ioc/analysis/22/ HTTP/1.1" 200 4689
INFO 2026-05-19 23:16:27,884 log "POST /api/uploads/upload/ HTTP/1.1" 201 71
INFO 2026-05-19 23:16:30,243 log "GET /api/tutorials/ HTTP/1.1" 200 3578
INFO 2026-05-19 23:16:30,262 log "GET /api/tutorials/ HTTP/1.1" 200 3578
INFO 2026-05-19 23:16:30,298 log "GET /api/analysis/ HTTP/1.1" 200 5507
INFO 2026-05-19 23:16:30,353 log "GET /api/analysis/ HTTP/1.1" 200 5507
INFO 2026-05-19 23:16:39,488 log "OPTIONS /api/yara/matches/23/ HTTP/1.1" 200 0
INFO 2026-05-19 23:16:39,488 log "OPTIONS /api/analysis/23/ HTTP/1.1" 200 0
INFO 2026-05-19 23:16:39,499 log "OPTIONS /api/cve/matches/23/ HTTP/1.1" 200 0
INFO 2026-05-19 23:16:39,507 log "OPTIONS /api/ioc/analysis/23/ HTTP/1.1" 200 0
INFO 2026-05-19 23:16:39,514 log "OPTIONS /api/cve/matches/23/ HTTP/1.1" 200 0
INFO 2026-05-19 23:16:39,525 log "OPTIONS /api/yara/matches/23/ HTTP/1.1" 200 0
INFO 2026-05-19 23:16:39,560 log "OPTIONS /api/analysis/23/ HTTP/1.1" 200 0
INFO 2026-05-19 23:16:39,567 log "OPTIONS /api/ioc/analysis/23/ HTTP/1.1" 200 0
INFO 2026-05-19 23:16:39,573 log "GET /api/yara/matches/23/ HTTP/1.1" 200 1866
INFO 2026-05-19 23:16:39,597 log "GET /api/ioc/analysis/23/ HTTP/1.1" 200 684
INFO 2026-05-19 23:16:39,622 log "GET /api/cve/matches/23/ HTTP/1.1" 200 180
INFO 2026-05-19 23:16:39,647 log "GET /api/analysis/23/ HTTP/1.1" 200 227
INFO 2026-05-19 23:16:39,649 log "GET /api/yara/matches/23/ HTTP/1.1" 200 1866
INFO 2026-05-19 23:16:39,668 log "GET /api/ioc/analysis/23/ HTTP/1.1" 200 684
INFO 2026-05-19 23:16:39,671 log "GET /api/cve/matches/23/ HTTP/1.1" 200 180
INFO 2026-05-19 23:16:39,677 log "GET /api/analysis/23/ HTTP/1.1" 200 227
INFO 2026-05-19 23:17:31,787 log "POST /api/uploads/upload/ HTTP/1.1" 201 71
INFO 2026-05-19 23:17:34,055 log "GET /api/tutorials/ HTTP/1.1" 200 3578
INFO 2026-05-19 23:17:34,073 log "GET /api/tutorials/ HTTP/1.1" 200 3578
INFO 2026-05-19 23:17:34,120 log "GET /api/analysis/ HTTP/1.1" 200 5748
INFO 2026-05-19 23:17:34,172 log "GET /api/analysis/ HTTP/1.1" 200 5748
INFO 2026-05-19 23:17:46,688 log "OPTIONS /api/analysis/24/ HTTP/1.1" 200 0
INFO 2026-05-19 23:17:46,702 log "OPTIONS /api/yara/matches/24/ HTTP/1.1" 200 0
INFO 2026-05-19 23:17:46,704 log "OPTIONS /api/ioc/analysis/24/ HTTP/1.1" 200 0
INFO 2026-05-19 23:17:46,705 log "OPTIONS /api/ioc/analysis/24/ HTTP/1.1" 200 0
INFO 2026-05-19 23:17:46,709 log "OPTIONS /api/yara/matches/24/ HTTP/1.1" 200 0
INFO 2026-05-19 23:17:46,710 log "OPTIONS /api/analysis/24/ HTTP/1.1" 200 0
INFO 2026-05-19 23:17:46,712 log "OPTIONS /api/cve/matches/24/ HTTP/1.1" 200 0
INFO 2026-05-19 23:17:46,714 log "OPTIONS /api/cve/matches/24/ HTTP/1.1" 200 0
INFO 2026-05-19 23:17:46,786 log "GET /api/yara/matches/24/ HTTP/1.1" 200 600
INFO 2026-05-19 23:17:46,834 log "GET /api/ioc/analysis/24/ HTTP/1.1" 200 4689
INFO 2026-05-19 23:17:46,848 log "GET /api/analysis/24/ HTTP/1.1" 200 240
INFO 2026-05-19 23:17:46,849 log "GET /api/yara/matches/24/ HTTP/1.1" 200 600
INFO 2026-05-19 23:17:46,858 log "GET /api/cve/matches/24/ HTTP/1.1" 200 2
INFO 2026-05-19 23:17:46,882 log "GET /api/ioc/analysis/24/ HTTP/1.1" 200 4689
INFO 2026-05-19 23:17:46,897 log "GET /api/cve/matches/24/ HTTP/1.1" 200 2
INFO 2026-05-19 23:17:46,898 log "GET /api/analysis/24/ HTTP/1.1" 200 240
INFO 2026-05-19 23:18:28,030 log "POST /api/uploads/upload/ HTTP/1.1" 201 71
INFO 2026-05-19 23:18:30,295 log "GET /api/tutorials/ HTTP/1.1" 200 3578
INFO 2026-05-19 23:18:30,332 log "GET /api/tutorials/ HTTP/1.1" 200 3578
INFO 2026-05-19 23:18:30,433 log "GET /api/analysis/ HTTP/1.1" 200 5971
INFO 2026-05-19 23:18:30,553 log "GET /api/analysis/ HTTP/1.1" 200 5971
INFO 2026-05-19 23:18:43,130 log "OPTIONS /api/analysis/25/ HTTP/1.1" 200 0
INFO 2026-05-19 23:18:43,145 log "OPTIONS /api/ioc/analysis/25/ HTTP/1.1" 200 0
INFO 2026-05-19 23:18:43,150 log "OPTIONS /api/ioc/analysis/25/ HTTP/1.1" 200 0
INFO 2026-05-19 23:18:43,153 log "OPTIONS /api/yara/matches/25/ HTTP/1.1" 200 0
INFO 2026-05-19 23:18:43,156 log "OPTIONS /api/analysis/25/ HTTP/1.1" 200 0
INFO 2026-05-19 23:18:43,159 log "OPTIONS /api/yara/matches/25/ HTTP/1.1" 200 0
INFO 2026-05-19 23:18:43,166 log "OPTIONS /api/cve/matches/25/ HTTP/1.1" 200 0
INFO 2026-05-19 23:18:43,167 log "OPTIONS /api/cve/matches/25/ HTTP/1.1" 200 0
INFO 2026-05-19 23:18:43,234 log "GET /api/ioc/analysis/25/ HTTP/1.1" 200 269
INFO 2026-05-19 23:18:43,236 log "GET /api/analysis/25/ HTTP/1.1" 200 222
INFO 2026-05-19 23:18:43,241 log "GET /api/cve/matches/25/ HTTP/1.1" 200 2
INFO 2026-05-19 23:18:43,993 log "GET /api/yara/matches/25/ HTTP/1.1" 200 1141
INFO 2026-05-19 23:18:43,999 log "GET /api/ioc/analysis/25/ HTTP/1.1" 200 269
INFO 2026-05-19 23:18:44,006 log "GET /api/cve/matches/25/ HTTP/1.1" 200 2
INFO 2026-05-19 23:18:44,017 log "GET /api/yara/matches/25/ HTTP/1.1" 200 1141
INFO 2026-05-19 23:18:44,019 log "GET /api/analysis/25/ HTTP/1.1" 200 222
INFO 2026-05-19 23:19:23,236 log "POST /api/uploads/upload/ HTTP/1.1" 201 71
INFO 2026-05-19 23:19:25,507 log "GET /api/tutorials/ HTTP/1.1" 200 3578
INFO 2026-05-19 23:19:25,527 log "GET /api/tutorials/ HTTP/1.1" 200 3578
INFO 2026-05-19 23:19:25,586 log "GET /api/analysis/ HTTP/1.1" 200 6196
INFO 2026-05-19 23:19:25,645 log "GET /api/analysis/ HTTP/1.1" 200 6196
INFO 2026-05-19 23:19:32,689 log "OPTIONS /api/analysis/26/ HTTP/1.1" 200 0
INFO 2026-05-19 23:19:32,702 log "OPTIONS /api/yara/matches/26/ HTTP/1.1" 200 0
INFO 2026-05-19 23:19:32,703 log "OPTIONS /api/cve/matches/26/ HTTP/1.1" 200 0
INFO 2026-05-19 23:19:32,704 log "OPTIONS /api/analysis/26/ HTTP/1.1" 200 0
INFO 2026-05-19 23:19:32,705 log "OPTIONS /api/ioc/analysis/26/ HTTP/1.1" 200 0
INFO 2026-05-19 23:19:32,706 log "OPTIONS /api/yara/matches/26/ HTTP/1.1" 200 0
INFO 2026-05-19 23:19:32,707 log "OPTIONS /api/ioc/analysis/26/ HTTP/1.1" 200 0
INFO 2026-05-19 23:19:32,710 log "OPTIONS /api/cve/matches/26/ HTTP/1.1" 200 0
INFO 2026-05-19 23:19:32,769 log "GET /api/cve/matches/26/ HTTP/1.1" 200 2
INFO 2026-05-19 23:19:32,798 log "GET /api/analysis/26/ HTTP/1.1" 200 224
INFO 2026-05-19 23:19:32,805 log "GET /api/yara/matches/26/ HTTP/1.1" 200 1970
INFO 2026-05-19 23:19:32,807 log "GET /api/cve/matches/26/ HTTP/1.1" 200 2
INFO 2026-05-19 23:19:32,813 log "GET /api/ioc/analysis/26/ HTTP/1.1" 200 730
INFO 2026-05-19 23:19:32,825 log "GET /api/analysis/26/ HTTP/1.1" 200 224
INFO 2026-05-19 23:19:32,832 log "GET /api/yara/matches/26/ HTTP/1.1" 200 1970
INFO 2026-05-19 23:19:32,840 log "GET /api/ioc/analysis/26/ HTTP/1.1" 200 730
INFO 2026-05-19 23:20:15,477 log "POST /api/uploads/upload/ HTTP/1.1" 201 71
INFO 2026-05-19 23:20:17,729 log "GET /api/tutorials/ HTTP/1.1" 200 3578
INFO 2026-05-19 23:20:17,756 log "GET /api/tutorials/ HTTP/1.1" 200 3578
INFO 2026-05-19 23:20:17,816 log "GET /api/analysis/ HTTP/1.1" 200 6431
INFO 2026-05-19 23:20:17,872 log "GET /api/analysis/ HTTP/1.1" 200 6431
INFO 2026-05-19 23:20:32,205 log "OPTIONS /api/analysis/27/ HTTP/1.1" 200 0
INFO 2026-05-19 23:20:32,213 log "OPTIONS /api/ioc/analysis/27/ HTTP/1.1" 200 0
INFO 2026-05-19 23:20:32,215 log "OPTIONS /api/yara/matches/27/ HTTP/1.1" 200 0
INFO 2026-05-19 23:20:32,216 log "OPTIONS /api/cve/matches/27/ HTTP/1.1" 200 0
INFO 2026-05-19 23:20:32,222 log "OPTIONS /api/analysis/27/ HTTP/1.1" 200 0
INFO 2026-05-19 23:20:32,224 log "OPTIONS /api/ioc/analysis/27/ HTTP/1.1" 200 0
INFO 2026-05-19 23:20:32,230 log "OPTIONS /api/cve/matches/27/ HTTP/1.1" 200 0
INFO 2026-05-19 23:20:32,230 log "OPTIONS /api/yara/matches/27/ HTTP/1.1" 200 0
INFO 2026-05-19 23:20:32,304 log "GET /api/analysis/27/ HTTP/1.1" 200 234
INFO 2026-05-19 23:20:32,324 log "GET /api/cve/matches/27/ HTTP/1.1" 200 2
INFO 2026-05-19 23:20:32,328 log "GET /api/ioc/analysis/27/ HTTP/1.1" 200 4248
INFO 2026-05-19 23:20:32,338 log "GET /api/yara/matches/27/ HTTP/1.1" 200 4026
INFO 2026-05-19 23:20:32,345 log "GET /api/analysis/27/ HTTP/1.1" 200 234
INFO 2026-05-19 23:20:32,349 log "GET /api/cve/matches/27/ HTTP/1.1" 200 2
INFO 2026-05-19 23:20:32,365 log "GET /api/ioc/analysis/27/ HTTP/1.1" 200 4248
INFO 2026-05-19 23:20:32,365 log "GET /api/yara/matches/27/ HTTP/1.1" 200 4026
INFO 2026-05-19 23:26:15,851 log "GET /api/analysis/ HTTP/1.1" 200 6431
INFO 2026-05-19 23:26:16,010 log "GET /api/analysis/ HTTP/1.1" 200 6431
INFO 2026-05-19 23:26:38,113 log "GET /api/ioc/analysis/23/ HTTP/1.1" 200 684
INFO 2026-05-19 23:26:38,123 log "GET /api/analysis/23/ HTTP/1.1" 200 227
INFO 2026-05-19 23:26:38,132 log "GET /api/yara/matches/23/ HTTP/1.1" 200 1866
INFO 2026-05-19 23:26:38,150 log "GET /api/cve/matches/23/ HTTP/1.1" 200 180
INFO 2026-05-19 23:26:38,162 log "GET /api/ioc/analysis/23/ HTTP/1.1" 200 684
INFO 2026-05-19 23:26:38,179 log "GET /api/yara/matches/23/ HTTP/1.1" 200 1866
INFO 2026-05-19 23:26:38,180 log "GET /api/analysis/23/ HTTP/1.1" 200 227
INFO 2026-05-19 23:26:38,181 log "GET /api/cve/matches/23/ HTTP/1.1" 200 180
INFO 2026-05-19 23:26:41,729 log "GET /api/analysis/ml-insights/ HTTP/1.1" 200 3581
INFO 2026-05-19 23:26:41,896 log "GET /api/analysis/ml-insights/ HTTP/1.1" 200 3581
INFO 2026-05-19 23:32:44,637 log "POST /api/uploads/upload/ HTTP/1.1" 201 71
INFO 2026-05-19 23:32:46,970 log "GET /api/tutorials/ HTTP/1.1" 200 3578
INFO 2026-05-19 23:32:47,020 log "GET /api/tutorials/ HTTP/1.1" 200 3578
INFO 2026-05-19 23:32:47,100 log "GET /api/analysis/ HTTP/1.1" 200 6671
INFO 2026-05-19 23:32:47,183 log "GET /api/analysis/ HTTP/1.1" 200 6671
INFO 2026-05-19 23:32:54,388 log "OPTIONS /api/analysis/28/ HTTP/1.1" 200 0
INFO 2026-05-19 23:32:54,406 log "OPTIONS /api/yara/matches/28/ HTTP/1.1" 200 0
INFO 2026-05-19 23:32:54,416 log "OPTIONS /api/analysis/28/ HTTP/1.1" 200 0
INFO 2026-05-19 23:32:54,439 log "OPTIONS /api/ioc/analysis/28/ HTTP/1.1" 200 0
INFO 2026-05-19 23:32:54,447 log "OPTIONS /api/cve/matches/28/ HTTP/1.1" 200 0
INFO 2026-05-19 23:32:54,448 log "OPTIONS /api/cve/matches/28/ HTTP/1.1" 200 0
INFO 2026-05-19 23:32:54,465 log "OPTIONS /api/ioc/analysis/28/ HTTP/1.1" 200 0
INFO 2026-05-19 23:32:54,465 log "OPTIONS /api/yara/matches/28/ HTTP/1.1" 200 0
INFO 2026-05-19 23:32:54,526 log "GET /api/yara/matches/28/ HTTP/1.1" 200 1831
INFO 2026-05-19 23:32:54,528 log "GET /api/analysis/28/ HTTP/1.1" 200 239
INFO 2026-05-19 23:32:54,542 log "GET /api/cve/matches/28/ HTTP/1.1" 200 2
INFO 2026-05-19 23:32:54,568 log "GET /api/ioc/analysis/28/ HTTP/1.1" 200 6482
INFO 2026-05-19 23:32:54,575 log "GET /api/yara/matches/28/ HTTP/1.1" 200 1831
INFO 2026-05-19 23:32:54,587 log "GET /api/cve/matches/28/ HTTP/1.1" 200 2
INFO 2026-05-19 23:32:54,587 log "GET /api/analysis/28/ HTTP/1.1" 200 239
INFO 2026-05-19 23:32:54,597 log "GET /api/ioc/analysis/28/ HTTP/1.1" 200 6482
INFO 2026-05-19 23:33:19,218 log "GET /api/analysis/ml-insights/ HTTP/1.1" 200 3590
INFO 2026-05-19 23:33:19,280 log "GET /api/analysis/ml-insights/ HTTP/1.1" 200 3590
INFO 2026-05-19 23:44:55,469 log "POST /api/uploads/upload/ HTTP/1.1" 201 71
INFO 2026-05-19 23:44:57,827 log "GET /api/tutorials/ HTTP/1.1" 200 3578
INFO 2026-05-19 23:44:57,850 log "GET /api/tutorials/ HTTP/1.1" 200 3578
INFO 2026-05-19 23:44:57,912 log "GET /api/analysis/ HTTP/1.1" 200 6900
INFO 2026-05-19 23:44:57,999 log "GET /api/analysis/ HTTP/1.1" 200 6900
INFO 2026-05-19 23:45:04,251 log "OPTIONS /api/analysis/29/ HTTP/1.1" 200 0
INFO 2026-05-19 23:45:04,255 log "OPTIONS /api/ioc/analysis/29/ HTTP/1.1" 200 0
INFO 2026-05-19 23:45:04,261 log "OPTIONS /api/yara/matches/29/ HTTP/1.1" 200 0
INFO 2026-05-19 23:45:04,282 log "OPTIONS /api/yara/matches/29/ HTTP/1.1" 200 0
INFO 2026-05-19 23:45:04,283 log "OPTIONS /api/cve/matches/29/ HTTP/1.1" 200 0
INFO 2026-05-19 23:45:04,286 log "OPTIONS /api/cve/matches/29/ HTTP/1.1" 200 0
INFO 2026-05-19 23:45:04,288 log "OPTIONS /api/analysis/29/ HTTP/1.1" 200 0
INFO 2026-05-19 23:45:04,296 log "OPTIONS /api/ioc/analysis/29/ HTTP/1.1" 200 0
INFO 2026-05-19 23:45:04,365 log "GET /api/cve/matches/29/ HTTP/1.1" 200 2
INFO 2026-05-19 23:45:04,373 log "GET /api/analysis/29/ HTTP/1.1" 200 228
INFO 2026-05-19 23:45:04,384 log "GET /api/yara/matches/29/ HTTP/1.1" 200 1831
INFO 2026-05-19 23:45:04,397 log "GET /api/ioc/analysis/29/ HTTP/1.1" 200 5833
INFO 2026-05-19 23:45:04,407 log "GET /api/cve/matches/29/ HTTP/1.1" 200 2
INFO 2026-05-19 23:45:04,424 log "GET /api/yara/matches/29/ HTTP/1.1" 200 1831
INFO 2026-05-19 23:45:04,449 log "GET /api/analysis/29/ HTTP/1.1" 200 228
INFO 2026-05-19 23:45:04,456 log "GET /api/ioc/analysis/29/ HTTP/1.1" 200 5833
INFO 2026-05-20 02:00:20,572 autoreload Watching for file changes with StatReloader
INFO 2026-05-20 02:11:31,136 log "OPTIONS /api/yara/matches/29/ HTTP/1.1" 200 0
INFO 2026-05-20 02:11:31,144 log "OPTIONS /api/analysis/29/ HTTP/1.1" 200 0
INFO 2026-05-20 02:11:31,142 log "OPTIONS /api/ioc/analysis/29/ HTTP/1.1" 200 0
INFO 2026-05-20 02:11:31,143 log "OPTIONS /api/cve/matches/29/ HTTP/1.1" 200 0
INFO 2026-05-20 02:11:31,145 log "OPTIONS /api/ioc/analysis/29/ HTTP/1.1" 200 0
INFO 2026-05-20 02:11:31,136 log "OPTIONS /api/analysis/29/ HTTP/1.1" 200 0
INFO 2026-05-20 02:11:31,172 log "OPTIONS /api/cve/matches/29/ HTTP/1.1" 200 0
INFO 2026-05-20 02:11:31,198 log "OPTIONS /api/yara/matches/29/ HTTP/1.1" 200 0
WARNING 2026-05-20 02:11:31,626 log Unauthorized: /api/cve/matches/29/
WARNING 2026-05-20 02:11:31,629 log Unauthorized: /api/yara/matches/29/
WARNING 2026-05-20 02:11:31,630 log Unauthorized: /api/analysis/29/
WARNING 2026-05-20 02:11:31,633 log Unauthorized: /api/cve/matches/29/
WARNING 2026-05-20 02:11:31,635 log Unauthorized: /api/ioc/analysis/29/
INFO 2026-05-20 02:11:31,640 basehttp - Broken pipe from ('127.0.0.1', 50989)
INFO 2026-05-20 02:11:31,639 basehttp - Broken pipe from ('127.0.0.1', 55323)
INFO 2026-05-20 02:11:31,642 basehttp - Broken pipe from ('127.0.0.1', 49307)
INFO 2026-05-20 02:11:31,644 basehttp - Broken pipe from ('127.0.0.1', 58301)
INFO 2026-05-20 02:11:31,646 basehttp - Broken pipe from ('127.0.0.1', 63357)
INFO 2026-05-20 02:21:06,910 log "GET /admin/ HTTP/1.1" 302 0
INFO 2026-05-20 02:21:07,393 log "GET /admin/login/?next=/admin/ HTTP/1.1" 200 4080
INFO 2026-05-20 02:21:09,440 log "GET /static/admin/js/theme.js HTTP/1.1" 200 1653
INFO 2026-05-20 02:21:10,137 log "GET /static/admin/css/nav_sidebar.css HTTP/1.1" 200 2810
INFO 2026-05-20 02:21:10,276 log "GET /static/admin/css/responsive.css HTTP/1.1" 200 16273
INFO 2026-05-20 02:21:10,342 log "GET /static/admin/css/dark_mode.css HTTP/1.1" 200 3538
INFO 2026-05-20 02:21:10,349 log "GET /static/admin/css/base.css HTTP/1.1" 200 23100
INFO 2026-05-20 02:21:10,356 log "GET /static/admin/css/login.css HTTP/1.1" 200 951
INFO 2026-05-20 02:21:10,400 log "GET /static/admin/js/nav_sidebar.js HTTP/1.1" 200 3063
WARNING 2026-05-20 02:21:10,556 log Not Found: /favicon.ico
WARNING 2026-05-20 02:21:10,557 log "GET /favicon.ico HTTP/1.1" 404 3598
INFO 2026-05-20 02:21:32,104 log "POST /admin/login/?next=/admin/ HTTP/1.1" 302 0
INFO 2026-05-20 02:21:32,256 log "GET /admin/ HTTP/1.1" 200 20164
INFO 2026-05-20 02:21:32,394 log "GET /static/admin/css/dashboard.css HTTP/1.1" 200 441
INFO 2026-05-20 02:21:32,433 log "GET /static/admin/img/icon-changelink.svg HTTP/1.1" 200 978
INFO 2026-05-20 02:21:32,434 log "GET /static/admin/img/icon-addlink.svg HTTP/1.1" 200 593
INFO 2026-05-20 02:21:32,434 log "GET /static/admin/img/icon-deletelink.svg HTTP/1.1" 200 689
INFO 2026-05-20 02:22:03,642 log "OPTIONS /api/analysis/ HTTP/1.1" 200 0
INFO 2026-05-20 02:22:03,647 log "OPTIONS /api/tutorials/ HTTP/1.1" 200 0
INFO 2026-05-20 02:22:03,660 log "OPTIONS /api/analysis/ HTTP/1.1" 200 0
WARNING 2026-05-20 02:22:03,677 log Unauthorized: /api/analysis/
WARNING 2026-05-20 02:22:03,681 log Unauthorized: /api/tutorials/
INFO 2026-05-20 02:22:03,686 log "OPTIONS /api/tutorials/ HTTP/1.1" 200 0
WARNING 2026-05-20 02:22:03,688 log "GET /api/analysis/ HTTP/1.1" 401 172
WARNING 2026-05-20 02:22:03,697 log "GET /api/tutorials/ HTTP/1.1" 401 172
WARNING 2026-05-20 02:22:03,701 log Unauthorized: /api/analysis/
WARNING 2026-05-20 02:22:03,704 log "GET /api/analysis/ HTTP/1.1" 401 172
WARNING 2026-05-20 02:22:03,721 log Unauthorized: /api/tutorials/
WARNING 2026-05-20 02:22:03,731 log "GET /api/tutorials/ HTTP/1.1" 401 172
INFO 2026-05-20 02:22:23,003 log "OPTIONS /api/token/ HTTP/1.1" 200 0
INFO 2026-05-20 02:22:24,336 log "POST /api/token/ HTTP/1.1" 200 489
INFO 2026-05-20 02:22:24,709 log "GET /api/tutorials/ HTTP/1.1" 200 3578
INFO 2026-05-20 02:22:24,727 log "GET /api/tutorials/ HTTP/1.1" 200 3578
INFO 2026-05-20 02:22:24,798 log "GET /api/analysis/ HTTP/1.1" 200 6900
INFO 2026-05-20 02:22:24,885 log "GET /api/analysis/ HTTP/1.1" 200 6900
INFO 2026-05-20 02:24:03,888 log "OPTIONS /api/uploads/upload/ HTTP/1.1" 200 0
INFO 2026-05-20 02:24:50,278 log "POST /api/uploads/upload/ HTTP/1.1" 201 71
INFO 2026-05-20 02:24:52,555 log "GET /api/tutorials/ HTTP/1.1" 200 3578
INFO 2026-05-20 02:24:52,575 log "GET /api/tutorials/ HTTP/1.1" 200 3578
INFO 2026-05-20 02:24:52,607 log "GET /api/analysis/ HTTP/1.1" 200 7132
INFO 2026-05-20 02:24:52,660 log "GET /api/analysis/ HTTP/1.1" 200 7132
INFO 2026-05-20 02:28:20,863 log "POST /api/uploads/upload/ HTTP/1.1" 201 71
INFO 2026-05-20 02:28:23,140 log "GET /api/tutorials/ HTTP/1.1" 200 3578
INFO 2026-05-20 02:28:23,161 log "GET /api/tutorials/ HTTP/1.1" 200 3578
INFO 2026-05-20 02:28:23,229 log "GET /api/analysis/ HTTP/1.1" 200 7354
INFO 2026-05-20 02:28:23,345 log "GET /api/analysis/ HTTP/1.1" 200 7354
INFO 2026-05-20 02:33:10,978 log "OPTIONS /api/analysis/31/ HTTP/1.1" 200 0
INFO 2026-05-20 02:33:10,981 log "OPTIONS /api/ioc/analysis/31/ HTTP/1.1" 200 0
INFO 2026-05-20 02:33:10,994 log "OPTIONS /api/yara/matches/31/ HTTP/1.1" 200 0
INFO 2026-05-20 02:33:10,995 log "OPTIONS /api/yara/matches/31/ HTTP/1.1" 200 0
INFO 2026-05-20 02:33:11,020 log "OPTIONS /api/cve/matches/31/ HTTP/1.1" 200 0
INFO 2026-05-20 02:33:11,033 log "OPTIONS /api/cve/matches/31/ HTTP/1.1" 200 0
INFO 2026-05-20 02:33:11,044 log "OPTIONS /api/analysis/31/ HTTP/1.1" 200 0
INFO 2026-05-20 02:33:11,062 log "OPTIONS /api/ioc/analysis/31/ HTTP/1.1" 200 0
INFO 2026-05-20 02:33:11,124 log "GET /api/ioc/analysis/31/ HTTP/1.1" 200 982
INFO 2026-05-20 02:33:11,125 log "GET /api/yara/matches/31/ HTTP/1.1" 200 837
INFO 2026-05-20 02:33:11,127 log "GET /api/cve/matches/31/ HTTP/1.1" 200 179
INFO 2026-05-20 02:33:11,131 log "GET /api/analysis/31/ HTTP/1.1" 200 221
INFO 2026-05-20 02:33:11,149 log "GET /api/ioc/analysis/31/ HTTP/1.1" 200 982
INFO 2026-05-20 02:33:11,171 log "GET /api/yara/matches/31/ HTTP/1.1" 200 837
INFO 2026-05-20 02:33:11,172 log "GET /api/cve/matches/31/ HTTP/1.1" 200 179
INFO 2026-05-20 02:33:11,177 log "GET /api/analysis/31/ HTTP/1.1" 200 221
INFO 2026-05-20 02:33:37,426 log "GET /api/tutorials/ HTTP/1.1" 200 3578
INFO 2026-05-20 02:33:37,439 log "GET /api/tutorials/ HTTP/1.1" 200 3578
INFO 2026-05-20 02:33:55,810 log "GET /admin/ioc/ioc/add/ HTTP/1.1" 200 19050
INFO 2026-05-20 02:33:56,029 log "GET /static/admin/css/forms.css HTTP/1.1" 200 8831
INFO 2026-05-20 02:33:56,127 log "GET /static/admin/js/jquery.init.js HTTP/1.1" 200 347
INFO 2026-05-20 02:33:56,140 log "GET /admin/jsi18n/ HTTP/1.1" 200 3342
INFO 2026-05-20 02:33:56,173 log "GET /static/admin/css/widgets.css HTTP/1.1" 200 11811
INFO 2026-05-20 02:33:56,183 log "GET /static/admin/js/actions.js HTTP/1.1" 200 8076
INFO 2026-05-20 02:33:56,189 log "GET /static/admin/js/core.js HTTP/1.1" 200 6208
INFO 2026-05-20 02:33:56,212 log "GET /static/admin/js/urlify.js HTTP/1.1" 200 7887
INFO 2026-05-20 02:33:56,234 log "GET /static/admin/js/prepopulate_init.js HTTP/1.1" 200 586
INFO 2026-05-20 02:33:56,236 log "GET /static/admin/js/admin/RelatedObjectLookups.js HTTP/1.1" 200 9777
INFO 2026-05-20 02:33:56,237 log "GET /static/admin/js/prepopulate.js HTTP/1.1" 200 1531
INFO 2026-05-20 02:33:56,305 log "GET /static/admin/js/vendor/jquery/jquery.js HTTP/1.1" 200 285314
INFO 2026-05-20 02:33:56,337 log "GET /static/admin/js/change_form.js HTTP/1.1" 200 606
INFO 2026-05-20 02:33:56,387 log "GET /static/admin/js/vendor/xregexp/xregexp.js HTTP/1.1" 200 325171
INFO 2026-05-20 02:34:12,051 log "GET /admin/cve/cve/add/ HTTP/1.1" 200 19102
INFO 2026-05-20 02:34:12,173 log "GET /admin/jsi18n/ HTTP/1.1" 200 3342
INFO 2026-05-20 02:34:12,207 log "GET /static/admin/js/calendar.js HTTP/1.1" 200 9159
INFO 2026-05-20 02:34:12,211 log "GET /static/admin/js/admin/DateTimeShortcuts.js HTTP/1.1" 200 19698
INFO 2026-05-20 02:34:12,319 log "GET /static/admin/img/icon-calendar.svg HTTP/1.1" 200 1112
INFO 2026-05-20 02:34:47,614 log "GET /static/admin/img/calendar-icons.svg HTTP/1.1" 200 1320
INFO 2026-05-20 02:35:07,033 log "GET /api/tutorials/ HTTP/1.1" 200 3578
INFO 2026-05-20 02:35:07,047 log "GET /api/tutorials/ HTTP/1.1" 200 3578
INFO 2026-05-20 02:35:07,084 log "GET /api/analysis/ HTTP/1.1" 200 7354
INFO 2026-05-20 02:35:07,142 log "GET /api/analysis/ HTTP/1.1" 200 7354
INFO 2026-05-20 02:35:46,305 log "GET /admin/tutorials/tutorial/add/ HTTP/1.1" 200 19786
INFO 2026-05-20 02:35:46,420 log "GET /admin/jsi18n/ HTTP/1.1" 200 3342
INFO 2026-05-20 02:44:02,680 log "POST /admin/tutorials/tutorial/add/ HTTP/1.1" 302 0
INFO 2026-05-20 02:44:02,812 log "GET /admin/tutorials/tutorial/11/change/ HTTP/1.1" 200 21161
INFO 2026-05-20 02:44:03,001 log "GET /admin/jsi18n/ HTTP/1.1" 200 3342
INFO 2026-05-20 02:44:03,101 log "GET /static/admin/img/icon-yes.svg HTTP/1.1" 200 558
INFO 2026-05-20 02:44:11,662 log "GET /admin/tutorials/tutorial/11/history/ HTTP/1.1" 200 15558
INFO 2026-05-20 02:44:25,947 log "GET /api/tutorials/ HTTP/1.1" 200 4129
INFO 2026-05-20 02:44:25,965 log "GET /api/tutorials/ HTTP/1.1" 200 4129
INFO 2026-05-20 02:45:17,399 log "GET /admin/tutorials/tutorial/add/ HTTP/1.1" 200 19786
INFO 2026-05-20 02:45:17,518 log "GET /admin/jsi18n/ HTTP/1.1" 200 3342
INFO 2026-05-20 02:47:32,060 log "POST /admin/tutorials/tutorial/add/ HTTP/1.1" 302 0
INFO 2026-05-20 02:47:32,110 log "GET /admin/tutorials/tutorial/12/change/ HTTP/1.1" 200 20978
INFO 2026-05-20 02:47:32,297 log "GET /admin/jsi18n/ HTTP/1.1" 200 3342
INFO 2026-05-20 02:47:42,900 log "POST /admin/tutorials/tutorial/12/change/ HTTP/1.1" 302 0
INFO 2026-05-20 02:47:42,937 log "GET /admin/tutorials/tutorial/add/ HTTP/1.1" 200 20064
INFO 2026-05-20 02:47:43,085 log "GET /admin/jsi18n/ HTTP/1.1" 200 3342
INFO 2026-05-20 02:49:41,533 log "POST /admin/tutorials/tutorial/add/ HTTP/1.1" 302 0
INFO 2026-05-20 02:49:41,579 log "GET /admin/tutorials/tutorial/add/ HTTP/1.1" 200 20063
INFO 2026-05-20 02:49:41,760 log "GET /admin/jsi18n/ HTTP/1.1" 200 3342
INFO 2026-05-20 02:51:20,398 log "POST /admin/tutorials/tutorial/add/ HTTP/1.1" 302 0
INFO 2026-05-20 02:51:20,435 log "GET /admin/tutorials/tutorial/14/change/ HTTP/1.1" 200 21251
INFO 2026-05-20 02:51:20,584 log "GET /admin/jsi18n/ HTTP/1.1" 200 3342
INFO 2026-05-20 02:51:26,641 log "POST /admin/tutorials/tutorial/14/change/ HTTP/1.1" 302 0
INFO 2026-05-20 02:51:26,690 log "GET /admin/tutorials/tutorial/add/ HTTP/1.1" 200 20069
INFO 2026-05-20 02:51:26,903 log "GET /admin/jsi18n/ HTTP/1.1" 200 3342
INFO 2026-05-20 02:53:11,650 log "POST /admin/tutorials/tutorial/add/ HTTP/1.1" 302 0
INFO 2026-05-20 02:53:12,035 log "GET /admin/tutorials/tutorial/ HTTP/1.1" 200 26010
INFO 2026-05-20 02:53:12,175 log "GET /admin/jsi18n/ HTTP/1.1" 200 3342
INFO 2026-05-20 02:53:12,191 log "GET /static/admin/css/changelists.css HTTP/1.1" 200 7498
INFO 2026-05-20 02:53:12,202 log "GET /static/admin/img/search.svg HTTP/1.1" 200 607
INFO 2026-05-20 02:53:12,242 log "GET /static/admin/img/tooltag-add.svg HTTP/1.1" 200 593
INFO 2026-05-20 02:53:12,254 log "GET /static/admin/img/icon-viewlink.svg HTTP/1.1" 200 928
INFO 2026-05-20 02:53:12,260 log "GET /static/admin/img/sorting-icons.svg HTTP/1.1" 200 1761
INFO 2026-05-20 02:53:12,317 log "GET /static/admin/js/filters.js HTTP/1.1" 200 978
INFO 2026-05-20 02:53:22,120 log "GET /admin/tutorials/tutorial/? HTTP/1.1" 200 25773
INFO 2026-05-20 02:53:22,217 log "GET /admin/jsi18n/ HTTP/1.1" 200 3342
INFO 2026-05-20 02:53:32,318 log "GET /admin/tutorials/tutorial/1/change/ HTTP/1.1" 200 20907
INFO 2026-05-20 02:53:32,486 log "GET /admin/jsi18n/ HTTP/1.1" 200 3342
INFO 2026-05-20 02:54:28,484 log "GET /admin/tutorials/tutorial/? HTTP/1.1" 200 25773
INFO 2026-05-20 02:54:58,964 log "GET /api/tutorials/ HTTP/1.1" 200 6346
INFO 2026-05-20 02:54:58,976 log "GET /api/tutorials/ HTTP/1.1" 200 6346
INFO 2026-05-20 09:45:22,170 autoreload Watching for file changes with StatReloader
INFO 2026-05-20 09:46:08,617 log "OPTIONS /api/tutorials/ HTTP/1.1" 200 0
INFO 2026-05-20 09:46:08,618 log "OPTIONS /api/tutorials/ HTTP/1.1" 200 0
WARNING 2026-05-20 09:46:08,924 log Unauthorized: /api/tutorials/
WARNING 2026-05-20 09:46:08,926 log "GET /api/tutorials/ HTTP/1.1" 401 172
WARNING 2026-05-20 09:46:08,936 log Unauthorized: /api/tutorials/
WARNING 2026-05-20 09:46:08,939 log "GET /api/tutorials/ HTTP/1.1" 401 172
INFO 2026-05-20 09:46:22,271 log "OPTIONS /api/token/ HTTP/1.1" 200 0
INFO 2026-05-20 09:46:25,453 log "POST /api/token/ HTTP/1.1" 200 489
INFO 2026-05-20 09:46:25,874 log "OPTIONS /api/analysis/ HTTP/1.1" 200 0
INFO 2026-05-20 09:46:25,880 log "OPTIONS /api/analysis/ HTTP/1.1" 200 0
INFO 2026-05-20 09:46:25,980 log "GET /api/tutorials/ HTTP/1.1" 200 6346
INFO 2026-05-20 09:46:26,011 log "GET /api/tutorials/ HTTP/1.1" 200 6346
INFO 2026-05-20 09:46:26,124 log "GET /api/analysis/ HTTP/1.1" 200 7354
INFO 2026-05-20 09:46:26,220 log "GET /api/analysis/ HTTP/1.1" 200 7354
INFO 2026-05-20 10:02:18,127 log "OPTIONS /api/analysis/ml-insights/ HTTP/1.1" 200 0
INFO 2026-05-20 10:02:18,131 log "OPTIONS /api/analysis/ml-insights/ HTTP/1.1" 200 0
INFO 2026-05-20 10:02:18,330 log "GET /api/analysis/ml-insights/ HTTP/1.1" 200 3605
INFO 2026-05-20 10:02:18,407 log "GET /api/analysis/ml-insights/ HTTP/1.1" 200 3605
INFO 2026-05-20 10:06:15,099 log "GET /api/analysis/ HTTP/1.1" 200 7354
INFO 2026-05-20 10:06:15,215 log "GET /api/analysis/ HTTP/1.1" 200 7354
INFO 2026-05-20 10:06:43,707 log "GET /api/analysis/ml-insights/ HTTP/1.1" 200 3605
INFO 2026-05-20 10:06:43,795 log "GET /api/analysis/ml-insights/ HTTP/1.1" 200 3605
INFO 2026-05-20 10:06:46,000 log "GET /api/analysis/ HTTP/1.1" 200 7354
INFO 2026-05-20 10:06:46,147 log "GET /api/analysis/ HTTP/1.1" 200 7354
INFO 2026-05-20 10:07:09,422 log "GET /api/tutorials/ HTTP/1.1" 200 6346
INFO 2026-05-20 10:07:09,437 log "GET /api/tutorials/ HTTP/1.1" 200 6346
INFO 2026-05-20 10:23:02,982 log "GET /api/tutorials/ HTTP/1.1" 200 6346
INFO 2026-05-20 10:23:03,028 log "GET /api/tutorials/ HTTP/1.1" 200 6346
INFO 2026-05-20 10:23:03,122 log "GET /api/analysis/ HTTP/1.1" 200 7354
INFO 2026-05-20 10:23:03,281 log "GET /api/analysis/ HTTP/1.1" 200 7354
INFO 2026-05-20 10:23:17,874 log "OPTIONS /api/uploads/upload/ HTTP/1.1" 200 0
INFO 2026-05-20 10:24:36,246 log "POST /api/uploads/upload/ HTTP/1.1" 201 71
INFO 2026-05-20 10:24:38,553 log "GET /api/tutorials/ HTTP/1.1" 200 6346
INFO 2026-05-20 10:24:38,580 log "GET /api/tutorials/ HTTP/1.1" 200 6346
INFO 2026-05-20 10:24:38,671 log "GET /api/analysis/ HTTP/1.1" 200 7589
INFO 2026-05-20 10:24:38,758 log "GET /api/analysis/ HTTP/1.1" 200 7589
INFO 2026-05-20 10:36:02,567 log "GET /api/tutorials/ HTTP/1.1" 200 6346
INFO 2026-05-20 10:36:02,605 log "GET /api/tutorials/ HTTP/1.1" 200 6346
INFO 2026-05-20 10:36:02,685 log "GET /api/analysis/ HTTP/1.1" 200 7589
INFO 2026-05-20 10:36:02,830 log "GET /api/analysis/ HTTP/1.1" 200 7589
INFO 2026-05-20 10:48:20,082 log "GET /api/tutorials/ HTTP/1.1" 200 6346
INFO 2026-05-20 10:48:20,144 log "GET /api/tutorials/ HTTP/1.1" 200 6346
INFO 2026-05-20 10:48:20,254 log "GET /api/analysis/ HTTP/1.1" 200 7589
INFO 2026-05-20 10:48:20,929 log "GET /api/analysis/ HTTP/1.1" 200 7589
INFO 2026-05-26 23:04:47,385 autoreload Watching for file changes with StatReloader
INFO 2026-05-26 23:05:48,669 log "OPTIONS /api/analysis/ HTTP/1.1" 200 0
INFO 2026-05-26 23:05:48,679 log "OPTIONS /api/analysis/ HTTP/1.1" 200 0
INFO 2026-05-26 23:05:48,679 log "OPTIONS /api/tutorials/ HTTP/1.1" 200 0
INFO 2026-05-26 23:05:48,688 log "OPTIONS /api/tutorials/ HTTP/1.1" 200 0
WARNING 2026-05-26 23:05:49,488 log Unauthorized: /api/tutorials/
WARNING 2026-05-26 23:05:49,497 log Unauthorized: /api/analysis/
WARNING 2026-05-26 23:05:49,507 log "GET /api/analysis/ HTTP/1.1" 401 172
WARNING 2026-05-26 23:05:49,521 log "GET /api/tutorials/ HTTP/1.1" 401 172
WARNING 2026-05-26 23:05:49,553 log Unauthorized: /api/tutorials/
WARNING 2026-05-26 23:05:49,623 log "GET /api/tutorials/ HTTP/1.1" 401 172
WARNING 2026-05-26 23:05:49,677 log Unauthorized: /api/analysis/
WARNING 2026-05-26 23:05:49,764 log "GET /api/analysis/ HTTP/1.1" 401 172
INFO 2026-05-26 23:06:08,104 log "OPTIONS /api/token/ HTTP/1.1" 200 0
INFO 2026-05-26 23:06:11,392 log "POST /api/token/ HTTP/1.1" 200 489
INFO 2026-05-26 23:06:12,424 log "GET /api/tutorials/ HTTP/1.1" 200 6346
INFO 2026-05-26 23:06:12,459 log "GET /api/tutorials/ HTTP/1.1" 200 6346
INFO 2026-05-26 23:06:12,579 log "GET /api/analysis/ HTTP/1.1" 200 7589
INFO 2026-05-26 23:06:12,687 log "GET /api/analysis/ HTTP/1.1" 200 7589
INFO 2026-05-26 23:11:40,186 log "OPTIONS /api/analysis/ml-insights/ HTTP/1.1" 200 0
INFO 2026-05-26 23:11:40,204 log "OPTIONS /api/analysis/ml-insights/ HTTP/1.1" 200 0
INFO 2026-05-26 23:11:40,295 log "GET /api/analysis/ml-insights/ HTTP/1.1" 200 3610
INFO 2026-05-26 23:11:40,386 log "GET /api/analysis/ml-insights/ HTTP/1.1" 200 3610
INFO 2026-05-26 23:13:32,970 log "GET /api/analysis/ HTTP/1.1" 200 7589
INFO 2026-05-26 23:13:33,083 log "GET /api/analysis/ HTTP/1.1" 200 7589
INFO 2026-05-26 23:13:46,585 log "GET /api/analysis/ HTTP/1.1" 200 7589
INFO 2026-05-26 23:13:46,706 log "GET /api/analysis/ HTTP/1.1" 200 7589
INFO 2026-05-26 23:14:23,821 log "GET /api/tutorials/ HTTP/1.1" 200 6346
INFO 2026-05-26 23:14:23,838 log "GET /api/tutorials/ HTTP/1.1" 200 6346
INFO 2026-05-26 23:24:42,421 log "GET /api/analysis/ HTTP/1.1" 200 7589
INFO 2026-05-26 23:24:42,489 log "GET /api/analysis/ HTTP/1.1" 200 7589
INFO 2026-05-26 23:29:22,735 log "GET /api/tutorials/ HTTP/1.1" 200 6346
INFO 2026-05-26 23:29:22,754 log "GET /api/tutorials/ HTTP/1.1" 200 6346
INFO 2026-05-26 23:29:22,791 log "GET /api/analysis/ HTTP/1.1" 200 7589
INFO 2026-05-26 23:29:22,889 log "GET /api/analysis/ HTTP/1.1" 200 7589
INFO 2026-05-26 23:32:55,035 log "GET /api/analysis/ HTTP/1.1" 200 7589
INFO 2026-05-26 23:32:55,090 log "GET /api/analysis/ HTTP/1.1" 200 7589
INFO 2026-05-29 19:22:09,566 autoreload Watching for file changes with StatReloader
INFO 2026-05-29 19:23:46,663 log "OPTIONS /api/analysis/ HTTP/1.1" 200 0
INFO 2026-05-29 19:23:46,669 log "OPTIONS /api/tutorials/ HTTP/1.1" 200 0
INFO 2026-05-29 19:23:46,669 log "OPTIONS /api/analysis/ HTTP/1.1" 200 0
INFO 2026-05-29 19:23:46,669 log "OPTIONS /api/tutorials/ HTTP/1.1" 200 0
WARNING 2026-05-29 19:23:46,813 log Unauthorized: /api/tutorials/
WARNING 2026-05-29 19:23:46,815 log Unauthorized: /api/analysis/
WARNING 2026-05-29 19:23:46,817 log "GET /api/tutorials/ HTTP/1.1" 401 172
WARNING 2026-05-29 19:23:46,819 log "GET /api/analysis/ HTTP/1.1" 401 172
WARNING 2026-05-29 19:23:46,828 log Unauthorized: /api/tutorials/
WARNING 2026-05-29 19:23:46,832 log Unauthorized: /api/analysis/
WARNING 2026-05-29 19:23:46,835 log "GET /api/tutorials/ HTTP/1.1" 401 172
WARNING 2026-05-29 19:23:46,835 log "GET /api/analysis/ HTTP/1.1" 401 172
INFO 2026-05-29 19:24:44,936 log "OPTIONS /api/token/ HTTP/1.1" 200 0
INFO 2026-05-29 19:24:48,687 log "POST /api/token/ HTTP/1.1" 200 489
INFO 2026-05-29 19:24:49,302 log "GET /api/tutorials/ HTTP/1.1" 200 6346
INFO 2026-05-29 19:24:49,334 log "GET /api/tutorials/ HTTP/1.1" 200 6346
INFO 2026-05-29 19:24:49,448 log "GET /api/analysis/ HTTP/1.1" 200 7589
INFO 2026-05-29 19:24:49,638 log "GET /api/analysis/ HTTP/1.1" 200 7589
INFO 2026-05-29 19:26:12,882 log "GET /api/analysis/ HTTP/1.1" 200 7589
INFO 2026-05-29 19:26:13,000 log "GET /api/analysis/ HTTP/1.1" 200 7589
INFO 2026-05-29 19:26:15,206 log "GET /api/tutorials/ HTTP/1.1" 200 6346
INFO 2026-05-29 19:26:15,228 log "GET /api/tutorials/ HTTP/1.1" 200 6346
INFO 2026-05-29 19:26:15,342 log "GET /api/analysis/ HTTP/1.1" 200 7589
INFO 2026-05-29 19:26:15,532 log "GET /api/analysis/ HTTP/1.1" 200 7589
INFO 2026-05-29 19:27:52,922 log "GET /api/analysis/ HTTP/1.1" 200 7589
INFO 2026-05-29 19:27:53,480 log "GET /api/analysis/ HTTP/1.1" 200 7589
INFO 2026-05-29 19:28:52,099 log "OPTIONS /api/analysis/ml-insights/ HTTP/1.1" 200 0
INFO 2026-05-29 19:28:52,101 log "OPTIONS /api/analysis/ml-insights/ HTTP/1.1" 200 0
INFO 2026-05-29 19:28:52,202 log "GET /api/analysis/ml-insights/ HTTP/1.1" 200 3610
INFO 2026-05-29 19:28:52,288 log "GET /api/analysis/ml-insights/ HTTP/1.1" 200 3610
INFO 2026-05-29 19:31:22,345 log "GET /api/analysis/ HTTP/1.1" 200 7589
INFO 2026-05-29 19:31:22,462 log "GET /api/analysis/ HTTP/1.1" 200 7589
INFO 2026-05-29 19:31:58,411 log "GET /api/tutorials/ HTTP/1.1" 200 6346
INFO 2026-05-29 19:31:58,438 log "GET /api/tutorials/ HTTP/1.1" 200 6346
INFO 2026-05-29 19:33:29,276 log "OPTIONS /api/users/profile/ HTTP/1.1" 200 0
INFO 2026-05-29 19:33:29,292 log "OPTIONS /api/users/profile/ HTTP/1.1" 200 0
INFO 2026-05-29 19:33:29,369 log "GET /api/users/profile/ HTTP/1.1" 200 426
INFO 2026-05-29 19:33:29,398 log "GET /api/users/profile/ HTTP/1.1" 200 426
INFO 2026-05-29 19:33:29,498 log "GET /api/analysis/ HTTP/1.1" 200 7589
INFO 2026-05-29 19:33:29,659 log "GET /api/analysis/ HTTP/1.1" 200 7589
INFO 2026-05-29 19:35:21,695 log "GET /api/tutorials/ HTTP/1.1" 200 6346
INFO 2026-05-29 19:35:21,730 log "GET /api/tutorials/ HTTP/1.1" 200 6346
INFO 2026-05-29 19:35:24,498 log "GET /api/analysis/ml-insights/ HTTP/1.1" 200 3610
INFO 2026-05-29 19:35:24,792 log "GET /api/analysis/ HTTP/1.1" 200 7589
INFO 2026-05-29 19:35:24,852 log "GET /api/analysis/ml-insights/ HTTP/1.1" 200 3610
INFO 2026-05-29 19:35:26,103 log "GET /api/analysis/ HTTP/1.1" 200 7589
INFO 2026-05-29 19:35:26,286 log "GET /api/analysis/ HTTP/1.1" 200 7589
INFO 2026-05-29 19:35:26,494 log "GET /api/analysis/ HTTP/1.1" 200 7589
INFO 2026-05-29 19:35:27,151 log "GET /api/tutorials/ HTTP/1.1" 200 6346
INFO 2026-05-29 19:35:27,180 log "GET /api/tutorials/ HTTP/1.1" 200 6346
INFO 2026-05-29 19:35:27,367 log "GET /api/analysis/ HTTP/1.1" 200 7589
INFO 2026-05-29 19:35:27,589 log "GET /api/analysis/ HTTP/1.1" 200 7589
INFO 2026-05-29 19:35:28,810 log "GET /api/analysis/ HTTP/1.1" 200 7589
INFO 2026-05-29 19:35:29,085 log "GET /api/analysis/ HTTP/1.1" 200 7589
INFO 2026-05-29 19:35:31,916 log "GET /api/tutorials/ HTTP/1.1" 200 6346
INFO 2026-05-29 19:35:31,945 log "GET /api/tutorials/ HTTP/1.1" 200 6346
INFO 2026-05-29 19:35:32,077 log "GET /api/analysis/ HTTP/1.1" 200 7589
INFO 2026-05-29 19:35:32,227 log "GET /api/analysis/ HTTP/1.1" 200 7589
INFO 2026-05-29 19:36:27,911 log "OPTIONS /api/users/register/ HTTP/1.1" 200 0
WARNING 2026-05-29 19:36:28,175 log Bad Request: /api/users/register/
WARNING 2026-05-29 19:36:28,177 log "POST /api/users/register/ HTTP/1.1" 400 58
WARNING 2026-05-29 19:36:33,814 log Bad Request: /api/users/register/
WARNING 2026-05-29 19:36:33,816 log "POST /api/users/register/ HTTP/1.1" 400 58
WARNING 2026-05-29 19:36:35,277 log Bad Request: /api/users/register/
WARNING 2026-05-29 19:36:35,279 log "POST /api/users/register/ HTTP/1.1" 400 58
WARNING 2026-05-29 19:36:36,128 log Bad Request: /api/users/register/
WARNING 2026-05-29 19:36:36,130 log "POST /api/users/register/ HTTP/1.1" 400 58
WARNING 2026-05-29 19:36:36,638 log Bad Request: /api/users/register/
WARNING 2026-05-29 19:36:36,640 log "POST /api/users/register/ HTTP/1.1" 400 58
WARNING 2026-05-29 19:36:55,929 log Bad Request: /api/users/register/
WARNING 2026-05-29 19:36:55,931 log "POST /api/users/register/ HTTP/1.1" 400 58
WARNING 2026-05-29 19:36:57,178 log Bad Request: /api/users/register/
WARNING 2026-05-29 19:36:57,180 log "POST /api/users/register/ HTTP/1.1" 400 58
WARNING 2026-05-29 19:36:57,363 log Bad Request: /api/users/register/
WARNING 2026-05-29 19:36:57,366 log "POST /api/users/register/ HTTP/1.1" 400 58
WARNING 2026-05-29 19:36:57,586 log Bad Request: /api/users/register/
WARNING 2026-05-29 19:36:57,589 log "POST /api/users/register/ HTTP/1.1" 400 58
WARNING 2026-05-29 19:37:28,630 log Bad Request: /api/users/register/
WARNING 2026-05-29 19:37:28,633 log "POST /api/users/register/ HTTP/1.1" 400 58
INFO 2026-05-29 19:37:46,632 log "POST /api/users/register/ HTTP/1.1" 201 42
WARNING 2026-05-29 19:38:08,728 log Unauthorized: /api/token/
WARNING 2026-05-29 19:38:08,731 log "POST /api/token/ HTTP/1.1" 401 63
INFO 2026-05-29 19:38:23,026 log "POST /api/token/ HTTP/1.1" 200 489
INFO 2026-05-29 19:38:23,818 log "GET /api/tutorials/ HTTP/1.1" 200 6346
INFO 2026-05-29 19:38:23,864 log "GET /api/tutorials/ HTTP/1.1" 200 6346
INFO 2026-05-29 19:38:24,093 log "GET /api/analysis/ HTTP/1.1" 200 7589
INFO 2026-05-29 19:38:24,285 log "GET /api/analysis/ HTTP/1.1" 200 7589
INFO 2026-05-29 19:38:36,098 log "GET /api/users/profile/ HTTP/1.1" 200 391
INFO 2026-05-29 19:38:36,135 log "GET /api/users/profile/ HTTP/1.1" 200 391
INFO 2026-05-29 19:38:36,255 log "GET /api/analysis/ HTTP/1.1" 200 7589
INFO 2026-05-29 19:38:36,425 log "GET /api/analysis/ HTTP/1.1" 200 7589
INFO 2026-05-29 19:38:48,075 log "GET /api/tutorials/ HTTP/1.1" 200 6346
INFO 2026-05-29 19:38:48,105 log "GET /api/tutorials/ HTTP/1.1" 200 6346
INFO 2026-05-29 19:38:48,220 log "GET /api/analysis/ HTTP/1.1" 200 7589
INFO 2026-05-29 19:38:48,359 log "GET /api/analysis/ HTTP/1.1" 200 7589
INFO 2026-05-29 19:39:02,451 log "GET /api/tutorials/ HTTP/1.1" 200 6346
INFO 2026-05-29 19:39:02,481 log "GET /api/tutorials/ HTTP/1.1" 200 6346
INFO 2026-05-29 19:39:02,649 log "GET /api/analysis/ HTTP/1.1" 200 7589
INFO 2026-05-29 19:39:02,805 log "GET /api/analysis/ HTTP/1.1" 200 7589
INFO 2026-05-29 19:39:03,904 log "GET /api/users/profile/ HTTP/1.1" 200 391
INFO 2026-05-29 19:39:03,964 log "GET /api/users/profile/ HTTP/1.1" 200 391
INFO 2026-05-29 19:39:04,127 log "GET /api/analysis/ HTTP/1.1" 200 7589
INFO 2026-05-29 19:39:04,295 log "GET /api/analysis/ HTTP/1.1" 200 7589
INFO 2026-05-29 19:39:05,780 log "GET /api/tutorials/ HTTP/1.1" 200 6346
INFO 2026-05-29 19:39:05,811 log "GET /api/tutorials/ HTTP/1.1" 200 6346
INFO 2026-05-29 19:39:05,941 log "GET /api/analysis/ HTTP/1.1" 200 7589
INFO 2026-05-29 19:39:06,106 log "GET /api/analysis/ HTTP/1.1" 200 7589
INFO 2026-05-29 19:39:35,483 log "POST /api/token/ HTTP/1.1" 200 489
INFO 2026-05-29 19:39:36,192 log "GET /api/tutorials/ HTTP/1.1" 200 6346
INFO 2026-05-29 19:39:36,226 log "GET /api/tutorials/ HTTP/1.1" 200 6346
INFO 2026-05-29 19:39:36,345 log "GET /api/analysis/ HTTP/1.1" 200 7589
INFO 2026-05-29 19:39:36,514 log "GET /api/analysis/ HTTP/1.1" 200 7589
INFO 2026-05-30 09:08:36,250 autoreload Watching for file changes with StatReloader
INFO 2026-05-30 09:09:05,713 log "OPTIONS /api/analysis/ HTTP/1.1" 200 0
INFO 2026-05-30 09:09:05,715 log "OPTIONS /api/tutorials/ HTTP/1.1" 200 0
INFO 2026-05-30 09:09:05,716 log "OPTIONS /api/tutorials/ HTTP/1.1" 200 0
INFO 2026-05-30 09:09:05,725 log "OPTIONS /api/analysis/ HTTP/1.1" 200 0
WARNING 2026-05-30 09:09:05,790 log Unauthorized: /api/tutorials/
WARNING 2026-05-30 09:09:05,793 log Unauthorized: /api/analysis/
WARNING 2026-05-30 09:09:05,795 log "GET /api/tutorials/ HTTP/1.1" 401 172
WARNING 2026-05-30 09:09:05,796 log "GET /api/analysis/ HTTP/1.1" 401 172
WARNING 2026-05-30 09:09:05,816 log Unauthorized: /api/analysis/
WARNING 2026-05-30 09:09:05,824 log Unauthorized: /api/tutorials/
WARNING 2026-05-30 09:09:05,826 log "GET /api/analysis/ HTTP/1.1" 401 172
WARNING 2026-05-30 09:09:05,827 log "GET /api/tutorials/ HTTP/1.1" 401 172
INFO 2026-05-30 09:09:28,209 log "OPTIONS /api/token/ HTTP/1.1" 200 0
INFO 2026-05-30 09:09:32,092 log "POST /api/token/ HTTP/1.1" 200 489
INFO 2026-05-30 09:09:32,858 log "GET /api/tutorials/ HTTP/1.1" 200 6346
INFO 2026-05-30 09:09:32,890 log "GET /api/tutorials/ HTTP/1.1" 200 6346
INFO 2026-05-30 09:09:33,054 log "GET /api/analysis/ HTTP/1.1" 200 7589
INFO 2026-05-30 09:09:33,273 log "GET /api/analysis/ HTTP/1.1" 200 7589
INFO 2026-05-30 09:11:02,164 log "OPTIONS /api/uploads/upload/ HTTP/1.1" 200 0
INFO 2026-05-30 09:13:23,337 log "POST /api/uploads/upload/ HTTP/1.1" 201 71
INFO 2026-05-30 09:13:25,678 log "GET /api/tutorials/ HTTP/1.1" 200 6346
INFO 2026-05-30 09:13:25,824 log "GET /api/tutorials/ HTTP/1.1" 200 6346
INFO 2026-05-30 09:13:25,985 log "GET /api/analysis/ HTTP/1.1" 200 7819
INFO 2026-05-30 09:13:26,346 log "GET /api/analysis/ HTTP/1.1" 200 7819
INFO 2026-05-30 09:15:49,587 log "OPTIONS /api/analysis/33/ HTTP/1.1" 200 0
INFO 2026-05-30 09:15:49,593 log "OPTIONS /api/ioc/analysis/33/ HTTP/1.1" 200 0
INFO 2026-05-30 09:15:49,610 log "OPTIONS /api/cve/matches/33/ HTTP/1.1" 200 0
INFO 2026-05-30 09:15:49,611 log "OPTIONS /api/analysis/33/ HTTP/1.1" 200 0
INFO 2026-05-30 09:15:49,618 log "OPTIONS /api/yara/matches/33/ HTTP/1.1" 200 0
INFO 2026-05-30 09:15:49,641 log "OPTIONS /api/ioc/analysis/33/ HTTP/1.1" 200 0
INFO 2026-05-30 09:15:49,663 log "OPTIONS /api/yara/matches/33/ HTTP/1.1" 200 0
INFO 2026-05-30 09:15:49,700 log "GET /api/yara/matches/33/ HTTP/1.1" 200 600
INFO 2026-05-30 09:15:49,708 log "OPTIONS /api/cve/matches/33/ HTTP/1.1" 200 0
INFO 2026-05-30 09:15:49,709 log "GET /api/analysis/33/ HTTP/1.1" 200 229
INFO 2026-05-30 09:15:49,725 log "GET /api/ioc/analysis/33/ HTTP/1.1" 200 4246
INFO 2026-05-30 09:15:49,773 log "GET /api/cve/matches/33/ HTTP/1.1" 200 2
INFO 2026-05-30 09:15:49,780 log "GET /api/yara/matches/33/ HTTP/1.1" 200 600
INFO 2026-05-30 09:15:49,799 log "GET /api/cve/matches/33/ HTTP/1.1" 200 2
INFO 2026-05-30 09:15:49,800 log "GET /api/analysis/33/ HTTP/1.1" 200 229
INFO 2026-05-30 09:15:49,821 log "GET /api/ioc/analysis/33/ HTTP/1.1" 200 4246
INFO 2026-05-30 09:16:58,656 log "GET /api/tutorials/ HTTP/1.1" 200 6346
INFO 2026-05-30 09:16:58,697 log "GET /api/tutorials/ HTTP/1.1" 200 6346
INFO 2026-05-30 09:16:58,848 log "GET /api/analysis/ HTTP/1.1" 200 7819
INFO 2026-05-30 09:16:59,065 log "GET /api/analysis/ HTTP/1.1" 200 7819
INFO 2026-05-30 09:57:43,000 log "GET /api/yara/matches/33/ HTTP/1.1" 200 600
INFO 2026-05-30 09:57:43,002 log "GET /api/cve/matches/33/ HTTP/1.1" 200 2
INFO 2026-05-30 09:57:43,013 log "GET /api/analysis/33/ HTTP/1.1" 200 229
INFO 2026-05-30 09:57:43,034 log "GET /api/ioc/analysis/33/ HTTP/1.1" 200 4246
INFO 2026-05-30 09:57:43,054 log "GET /api/yara/matches/33/ HTTP/1.1" 200 600
INFO 2026-05-30 09:57:43,058 log "GET /api/cve/matches/33/ HTTP/1.1" 200 2
INFO 2026-05-30 09:57:43,067 log "GET /api/analysis/33/ HTTP/1.1" 200 229
INFO 2026-05-30 09:57:43,079 log "GET /api/ioc/analysis/33/ HTTP/1.1" 200 4246
INFO 2026-05-30 09:58:08,049 log "GET /api/tutorials/ HTTP/1.1" 200 6346
INFO 2026-05-30 09:58:08,069 log "GET /api/tutorials/ HTTP/1.1" 200 6346
INFO 2026-05-30 09:58:08,136 log "GET /api/analysis/ HTTP/1.1" 200 7819
INFO 2026-05-30 09:58:08,243 log "GET /api/analysis/ HTTP/1.1" 200 7819
INFO 2026-05-30 09:58:23,837 log "OPTIONS /api/analysis/27/ HTTP/1.1" 200 0
INFO 2026-05-30 09:58:23,840 log "OPTIONS /api/ioc/analysis/27/ HTTP/1.1" 200 0
INFO 2026-05-30 09:58:23,857 log "OPTIONS /api/analysis/27/ HTTP/1.1" 200 0
INFO 2026-05-30 09:58:23,857 log "OPTIONS /api/cve/matches/27/ HTTP/1.1" 200 0
INFO 2026-05-30 09:58:23,869 log "OPTIONS /api/ioc/analysis/27/ HTTP/1.1" 200 0
INFO 2026-05-30 09:58:23,879 log "OPTIONS /api/yara/matches/27/ HTTP/1.1" 200 0
INFO 2026-05-30 09:58:23,880 log "OPTIONS /api/yara/matches/27/ HTTP/1.1" 200 0
INFO 2026-05-30 09:58:23,885 log "OPTIONS /api/cve/matches/27/ HTTP/1.1" 200 0
INFO 2026-05-30 09:58:23,912 log "GET /api/analysis/27/ HTTP/1.1" 200 234
INFO 2026-05-30 09:58:23,926 log "GET /api/ioc/analysis/27/ HTTP/1.1" 200 4248
INFO 2026-05-30 09:58:23,927 log "GET /api/cve/matches/27/ HTTP/1.1" 200 2
INFO 2026-05-30 09:58:23,946 log "GET /api/yara/matches/27/ HTTP/1.1" 200 4026
INFO 2026-05-30 09:58:23,953 log "GET /api/cve/matches/27/ HTTP/1.1" 200 2
INFO 2026-05-30 09:58:23,956 log "GET /api/analysis/27/ HTTP/1.1" 200 234
INFO 2026-05-30 09:58:23,963 log "GET /api/ioc/analysis/27/ HTTP/1.1" 200 4248
INFO 2026-05-30 09:58:23,971 log "GET /api/yara/matches/27/ HTTP/1.1" 200 4026
INFO 2026-05-30 15:51:40,118 autoreload C:\capstone_project\backend\threat_intel\apps\cve\utils.py changed, reloading.
INFO 2026-05-30 15:51:46,724 autoreload Watching for file changes with StatReloader
INFO 2026-05-30 15:54:51,200 autoreload Watching for file changes with StatReloader
INFO 2026-05-30 15:55:27,380 autoreload Watching for file changes with StatReloader
INFO 2026-05-30 15:55:36,182 log "OPTIONS /api/analysis/27/ HTTP/1.1" 200 0
INFO 2026-05-30 15:55:36,184 log "OPTIONS /api/ioc/analysis/27/ HTTP/1.1" 200 0
INFO 2026-05-30 15:55:36,190 log "OPTIONS /api/yara/matches/27/ HTTP/1.1" 200 0
INFO 2026-05-30 15:55:36,192 log "OPTIONS /api/cve/matches/27/ HTTP/1.1" 200 0
INFO 2026-05-30 15:55:36,198 log "OPTIONS /api/analysis/27/ HTTP/1.1" 200 0
INFO 2026-05-30 15:55:36,200 log "OPTIONS /api/yara/matches/27/ HTTP/1.1" 200 0
INFO 2026-05-30 15:55:36,212 log "OPTIONS /api/ioc/analysis/27/ HTTP/1.1" 200 0
INFO 2026-05-30 15:55:36,226 log "OPTIONS /api/cve/matches/27/ HTTP/1.1" 200 0
WARNING 2026-05-30 15:55:36,316 log Unauthorized: /api/cve/matches/27/
WARNING 2026-05-30 15:55:36,317 log Unauthorized: /api/analysis/27/
WARNING 2026-05-30 15:55:36,319 log Unauthorized: /api/ioc/analysis/27/
WARNING 2026-05-30 15:55:36,323 log Unauthorized: /api/yara/matches/27/
WARNING 2026-05-30 15:55:36,326 log "GET /api/cve/matches/27/ HTTP/1.1" 401 172
WARNING 2026-05-30 15:55:36,326 log "GET /api/analysis/27/ HTTP/1.1" 401 172
WARNING 2026-05-30 15:55:36,328 log "GET /api/ioc/analysis/27/ HTTP/1.1" 401 172
WARNING 2026-05-30 15:55:36,334 log Unauthorized: /api/cve/matches/27/
WARNING 2026-05-30 15:55:36,340 log Unauthorized: /api/analysis/27/
WARNING 2026-05-30 15:55:36,340 log "GET /api/yara/matches/27/ HTTP/1.1" 401 172
WARNING 2026-05-30 15:55:36,345 log Unauthorized: /api/yara/matches/27/
WARNING 2026-05-30 15:55:36,350 log "GET /api/analysis/27/ HTTP/1.1" 401 172
WARNING 2026-05-30 15:55:36,356 log Unauthorized: /api/ioc/analysis/27/
WARNING 2026-05-30 15:55:36,356 log "GET /api/cve/matches/27/ HTTP/1.1" 401 172
WARNING 2026-05-30 15:55:36,358 log "GET /api/yara/matches/27/ HTTP/1.1" 401 172
WARNING 2026-05-30 15:55:36,371 log "GET /api/ioc/analysis/27/ HTTP/1.1" 401 172
INFO 2026-05-30 15:55:49,493 log "OPTIONS /api/token/ HTTP/1.1" 200 0
INFO 2026-05-30 15:55:50,964 log "POST /api/token/ HTTP/1.1" 200 489
INFO 2026-05-30 15:55:51,413 log "OPTIONS /api/analysis/ HTTP/1.1" 200 0
INFO 2026-05-30 15:55:51,422 log "OPTIONS /api/tutorials/ HTTP/1.1" 200 0
INFO 2026-05-30 15:55:51,423 log "OPTIONS /api/analysis/ HTTP/1.1" 200 0
INFO 2026-05-30 15:55:51,424 log "OPTIONS /api/tutorials/ HTTP/1.1" 200 0
INFO 2026-05-30 15:55:51,499 log "GET /api/tutorials/ HTTP/1.1" 200 6346
INFO 2026-05-30 15:55:51,515 log "GET /api/tutorials/ HTTP/1.1" 200 6346
INFO 2026-05-30 15:55:51,574 log "GET /api/analysis/ HTTP/1.1" 200 7819
INFO 2026-05-30 15:55:51,669 log "GET /api/analysis/ HTTP/1.1" 200 7819
INFO 2026-05-30 15:57:41,539 log "OPTIONS /api/uploads/upload/ HTTP/1.1" 200 0
INFO 2026-05-30 15:59:29,918 log "POST /api/uploads/upload/ HTTP/1.1" 201 71
INFO 2026-05-30 15:59:32,214 log "GET /api/tutorials/ HTTP/1.1" 200 6346
INFO 2026-05-30 15:59:32,248 log "GET /api/tutorials/ HTTP/1.1" 200 6346
INFO 2026-05-30 15:59:32,385 log "GET /api/analysis/ HTTP/1.1" 200 8046
INFO 2026-05-30 15:59:32,536 log "GET /api/analysis/ HTTP/1.1" 200 8046
INFO 2026-05-30 16:00:25,614 log "OPTIONS /api/analysis/34/ HTTP/1.1" 200 0
INFO 2026-05-30 16:00:25,619 log "OPTIONS /api/ioc/analysis/34/ HTTP/1.1" 200 0
INFO 2026-05-30 16:00:25,625 log "OPTIONS /api/yara/matches/34/ HTTP/1.1" 200 0
INFO 2026-05-30 16:00:25,633 log "OPTIONS /api/cve/matches/34/ HTTP/1.1" 200 0
INFO 2026-05-30 16:00:25,633 log "OPTIONS /api/analysis/34/ HTTP/1.1" 200 0
INFO 2026-05-30 16:00:25,688 log "OPTIONS /api/cve/matches/34/ HTTP/1.1" 200 0
INFO 2026-05-30 16:00:25,699 log "OPTIONS /api/yara/matches/34/ HTTP/1.1" 200 0
INFO 2026-05-30 16:00:25,700 log "OPTIONS /api/ioc/analysis/34/ HTTP/1.1" 200 0
INFO 2026-05-30 16:00:25,769 log "GET /api/yara/matches/34/ HTTP/1.1" 200 4026
INFO 2026-05-30 16:00:25,784 log "GET /api/ioc/analysis/34/ HTTP/1.1" 200 4248
INFO 2026-05-30 16:00:25,791 log "GET /api/cve/matches/34/ HTTP/1.1" 200 2
INFO 2026-05-30 16:00:25,819 log "GET /api/yara/matches/34/ HTTP/1.1" 200 4026
INFO 2026-05-30 16:00:25,820 log "GET /api/analysis/34/ HTTP/1.1" 200 226
INFO 2026-05-30 16:00:25,842 log "GET /api/cve/matches/34/ HTTP/1.1" 200 2
INFO 2026-05-30 16:00:25,866 log "GET /api/ioc/analysis/34/ HTTP/1.1" 200 4248
INFO 2026-05-30 16:00:25,891 log "GET /api/analysis/34/ HTTP/1.1" 200 226
INFO 2026-05-30 16:09:51,519 log "OPTIONS /api/analysis/ml-insights/ HTTP/1.1" 200 0
INFO 2026-05-30 16:09:51,523 log "OPTIONS /api/analysis/ml-insights/ HTTP/1.1" 200 0
INFO 2026-05-30 16:09:51,668 log "GET /api/analysis/ml-insights/ HTTP/1.1" 200 3625
INFO 2026-05-30 16:09:51,778 log "GET /api/analysis/ml-insights/ HTTP/1.1" 200 3625
INFO 2026-05-30 16:10:49,890 log "POST /api/uploads/upload/ HTTP/1.1" 201 71
INFO 2026-05-30 16:10:52,199 log "GET /api/tutorials/ HTTP/1.1" 200 6346
INFO 2026-05-30 16:10:52,242 log "GET /api/tutorials/ HTTP/1.1" 200 6346
INFO 2026-05-30 16:10:52,361 log "GET /api/analysis/ HTTP/1.1" 200 8271
INFO 2026-05-30 16:10:52,500 log "GET /api/analysis/ HTTP/1.1" 200 8271
INFO 2026-05-30 16:11:33,761 log "OPTIONS /api/analysis/35/ HTTP/1.1" 200 0
INFO 2026-05-30 16:11:33,767 log "OPTIONS /api/ioc/analysis/35/ HTTP/1.1" 200 0
INFO 2026-05-30 16:11:33,772 log "OPTIONS /api/yara/matches/35/ HTTP/1.1" 200 0
INFO 2026-05-30 16:11:33,775 log "OPTIONS /api/cve/matches/35/ HTTP/1.1" 200 0
INFO 2026-05-30 16:11:33,780 log "OPTIONS /api/analysis/35/ HTTP/1.1" 200 0
INFO 2026-05-30 16:11:33,804 log "OPTIONS /api/yara/matches/35/ HTTP/1.1" 200 0
INFO 2026-05-30 16:11:33,804 log "OPTIONS /api/ioc/analysis/35/ HTTP/1.1" 200 0
INFO 2026-05-30 16:11:33,811 log "OPTIONS /api/cve/matches/35/ HTTP/1.1" 200 0
INFO 2026-05-30 16:11:33,905 log "GET /api/analysis/35/ HTTP/1.1" 200 224
INFO 2026-05-30 16:11:33,906 log "GET /api/cve/matches/35/ HTTP/1.1" 200 180
INFO 2026-05-30 16:11:33,917 log "GET /api/ioc/analysis/35/ HTTP/1.1" 200 684
INFO 2026-05-30 16:11:33,918 log "GET /api/yara/matches/35/ HTTP/1.1" 200 1873
INFO 2026-05-30 16:11:33,960 log "GET /api/cve/matches/35/ HTTP/1.1" 200 180
INFO 2026-05-30 16:11:33,981 log "GET /api/ioc/analysis/35/ HTTP/1.1" 200 684
INFO 2026-05-30 16:11:33,989 log "GET /api/analysis/35/ HTTP/1.1" 200 224
INFO 2026-05-30 16:11:33,997 log "GET /api/yara/matches/35/ HTTP/1.1" 200 1873
INFO 2026-05-30 16:12:03,189 log "GET /api/tutorials/ HTTP/1.1" 200 6346
INFO 2026-05-30 16:12:03,263 log "GET /api/tutorials/ HTTP/1.1" 200 6346
INFO 2026-05-30 16:12:03,467 log "GET /api/analysis/ HTTP/1.1" 200 8271
INFO 2026-05-30 16:12:03,643 log "GET /api/analysis/ HTTP/1.1" 200 8271
INFO 2026-05-31 21:53:12,433 autoreload Watching for file changes with StatReloader
INFO 2026-05-31 21:54:15,710 log "OPTIONS /api/analysis/ HTTP/1.1" 200 0
INFO 2026-05-31 21:54:15,710 log "OPTIONS /api/tutorials/ HTTP/1.1" 200 0
INFO 2026-05-31 21:54:15,711 log "OPTIONS /api/analysis/ HTTP/1.1" 200 0
INFO 2026-05-31 21:54:15,713 log "OPTIONS /api/tutorials/ HTTP/1.1" 200 0
WARNING 2026-05-31 21:54:15,743 log Unauthorized: /api/analysis/
WARNING 2026-05-31 21:54:15,743 log Unauthorized: /api/tutorials/
WARNING 2026-05-31 21:54:15,744 log "GET /api/analysis/ HTTP/1.1" 401 172
WARNING 2026-05-31 21:54:15,744 log "GET /api/tutorials/ HTTP/1.1" 401 172
WARNING 2026-05-31 21:54:15,747 log Unauthorized: /api/analysis/
WARNING 2026-05-31 21:54:15,749 log Unauthorized: /api/tutorials/
WARNING 2026-05-31 21:54:15,750 log "GET /api/tutorials/ HTTP/1.1" 401 172
WARNING 2026-05-31 21:54:15,750 log "GET /api/analysis/ HTTP/1.1" 401 172
INFO 2026-05-31 21:54:40,664 log "OPTIONS /api/token/ HTTP/1.1" 200 0
INFO 2026-05-31 21:54:41,817 log "POST /api/token/ HTTP/1.1" 200 489
INFO 2026-05-31 21:54:42,365 log "GET /api/tutorials/ HTTP/1.1" 200 6346
INFO 2026-05-31 21:54:42,380 log "GET /api/tutorials/ HTTP/1.1" 200 6346
INFO 2026-05-31 21:54:42,433 log "GET /api/analysis/ HTTP/1.1" 200 8271
INFO 2026-05-31 21:54:42,503 log "GET /api/analysis/ HTTP/1.1" 200 8271
INFO 2026-06-01 10:42:26,277 autoreload Watching for file changes with StatReloader
INFO 2026-06-01 10:50:56,679 log "OPTIONS /api/tutorials/ HTTP/1.1" 200 0
INFO 2026-06-01 10:50:56,687 log "OPTIONS /api/analysis/ HTTP/1.1" 200 0
INFO 2026-06-01 10:50:56,689 log "OPTIONS /api/analysis/ HTTP/1.1" 200 0
INFO 2026-06-01 10:50:56,692 log "OPTIONS /api/tutorials/ HTTP/1.1" 200 0
WARNING 2026-06-01 10:50:56,887 log Unauthorized: /api/analysis/
WARNING 2026-06-01 10:50:56,890 log Unauthorized: /api/tutorials/
WARNING 2026-06-01 10:50:56,892 log "GET /api/analysis/ HTTP/1.1" 401 172
WARNING 2026-06-01 10:50:56,893 log "GET /api/tutorials/ HTTP/1.1" 401 172
WARNING 2026-06-01 10:50:56,903 log Unauthorized: /api/tutorials/
WARNING 2026-06-01 10:50:56,905 log Unauthorized: /api/analysis/
WARNING 2026-06-01 10:50:56,909 log "GET /api/tutorials/ HTTP/1.1" 401 172
WARNING 2026-06-01 10:50:56,909 log "GET /api/analysis/ HTTP/1.1" 401 172
INFO 2026-06-01 10:51:15,438 log "OPTIONS /api/token/ HTTP/1.1" 200 0
INFO 2026-06-01 10:51:18,705 log "POST /api/token/ HTTP/1.1" 200 489
INFO 2026-06-01 10:51:19,380 log "GET /api/tutorials/ HTTP/1.1" 200 6346
INFO 2026-06-01 10:51:19,408 log "GET /api/tutorials/ HTTP/1.1" 200 6346
INFO 2026-06-01 10:51:19,519 log "GET /api/analysis/ HTTP/1.1" 200 8271
INFO 2026-06-01 10:51:19,688 log "GET /api/analysis/ HTTP/1.1" 200 8271
INFO 2026-06-01 10:51:48,826 log "OPTIONS /api/uploads/upload/ HTTP/1.1" 200 0
INFO 2026-06-01 10:53:27,508 log "POST /api/uploads/upload/ HTTP/1.1" 201 71
INFO 2026-06-01 10:53:30,705 log "GET /api/tutorials/ HTTP/1.1" 200 6346
INFO 2026-06-01 10:53:30,737 log "GET /api/tutorials/ HTTP/1.1" 200 6346
INFO 2026-06-01 10:53:30,871 log "GET /api/analysis/ HTTP/1.1" 200 8500
INFO 2026-06-01 10:53:31,042 log "GET /api/analysis/ HTTP/1.1" 200 8500
INFO 2026-06-01 10:53:50,466 log "OPTIONS /api/analysis/36/ HTTP/1.1" 200 0
INFO 2026-06-01 10:53:50,472 log "OPTIONS /api/ioc/analysis/36/ HTTP/1.1" 200 0
INFO 2026-06-01 10:53:50,477 log "OPTIONS /api/yara/matches/36/ HTTP/1.1" 200 0
INFO 2026-06-01 10:53:50,498 log "OPTIONS /api/cve/matches/36/ HTTP/1.1" 200 0
INFO 2026-06-01 10:53:50,504 log "OPTIONS /api/ioc/analysis/36/ HTTP/1.1" 200 0
INFO 2026-06-01 10:53:50,505 log "OPTIONS /api/analysis/36/ HTTP/1.1" 200 0
INFO 2026-06-01 10:53:50,507 log "OPTIONS /api/cve/matches/36/ HTTP/1.1" 200 0
INFO 2026-06-01 10:53:50,510 log "OPTIONS /api/yara/matches/36/ HTTP/1.1" 200 0
INFO 2026-06-01 10:53:50,560 log "GET /api/cve/matches/36/ HTTP/1.1" 200 2
INFO 2026-06-01 10:53:50,595 log "GET /api/ioc/analysis/36/ HTTP/1.1" 200 7060
INFO 2026-06-01 10:53:50,596 log "GET /api/analysis/36/ HTTP/1.1" 200 228
INFO 2026-06-01 10:53:50,613 log "GET /api/yara/matches/36/ HTTP/1.1" 200 3709
INFO 2026-06-01 10:53:50,615 log "GET /api/cve/matches/36/ HTTP/1.1" 200 2
INFO 2026-06-01 10:53:50,655 log "GET /api/ioc/analysis/36/ HTTP/1.1" 200 7060
INFO 2026-06-01 10:53:50,658 log "GET /api/analysis/36/ HTTP/1.1" 200 228
INFO 2026-06-01 10:53:50,667 log "GET /api/yara/matches/36/ HTTP/1.1" 200 3709
INFO 2026-06-01 10:54:21,166 log "GET /api/tutorials/ HTTP/1.1" 200 6346
INFO 2026-06-01 10:54:21,224 log "GET /api/tutorials/ HTTP/1.1" 200 6346
INFO 2026-06-01 10:54:21,407 log "GET /api/analysis/ HTTP/1.1" 200 8500
INFO 2026-06-01 10:54:21,614 log "GET /api/analysis/ HTTP/1.1" 200 8500
INFO 2026-06-01 10:54:43,098 log "POST /api/uploads/upload/ HTTP/1.1" 201 71
INFO 2026-06-01 10:54:45,386 log "GET /api/tutorials/ HTTP/1.1" 200 6346
INFO 2026-06-01 10:54:45,416 log "GET /api/tutorials/ HTTP/1.1" 200 6346
INFO 2026-06-01 10:54:45,556 log "GET /api/analysis/ HTTP/1.1" 200 8724
INFO 2026-06-01 10:54:45,725 log "GET /api/analysis/ HTTP/1.1" 200 8724
INFO 2026-06-01 10:54:56,969 log "OPTIONS /api/analysis/37/ HTTP/1.1" 200 0
INFO 2026-06-01 10:54:56,973 log "OPTIONS /api/ioc/analysis/37/ HTTP/1.1" 200 0
INFO 2026-06-01 10:54:57,000 log "OPTIONS /api/cve/matches/37/ HTTP/1.1" 200 0
INFO 2026-06-01 10:54:57,003 log "OPTIONS /api/analysis/37/ HTTP/1.1" 200 0
INFO 2026-06-01 10:54:57,001 log "OPTIONS /api/yara/matches/37/ HTTP/1.1" 200 0
INFO 2026-06-01 10:54:57,004 log "OPTIONS /api/yara/matches/37/ HTTP/1.1" 200 0
INFO 2026-06-01 10:54:57,005 log "OPTIONS /api/ioc/analysis/37/ HTTP/1.1" 200 0
INFO 2026-06-01 10:54:57,010 log "OPTIONS /api/cve/matches/37/ HTTP/1.1" 200 0
INFO 2026-06-01 10:54:57,062 log "GET /api/ioc/analysis/37/ HTTP/1.1" 200 817
INFO 2026-06-01 10:54:57,062 log "GET /api/cve/matches/37/ HTTP/1.1" 200 462
INFO 2026-06-01 10:54:57,073 log "GET /api/analysis/37/ HTTP/1.1" 200 223
INFO 2026-06-01 10:54:57,075 log "GET /api/yara/matches/37/ HTTP/1.1" 200 1335
INFO 2026-06-01 10:54:57,119 log "GET /api/ioc/analysis/37/ HTTP/1.1" 200 817
INFO 2026-06-01 10:54:57,130 log "GET /api/cve/matches/37/ HTTP/1.1" 200 462
INFO 2026-06-01 10:54:57,139 log "GET /api/yara/matches/37/ HTTP/1.1" 200 1335
INFO 2026-06-01 10:54:57,140 log "GET /api/analysis/37/ HTTP/1.1" 200 223
INFO 2026-06-01 11:05:36,426 log "OPTIONS /api/analysis/ml-insights/ HTTP/1.1" 200 0
INFO 2026-06-01 11:05:36,429 log "OPTIONS /api/analysis/ml-insights/ HTTP/1.1" 200 0
INFO 2026-06-01 11:05:36,735 log "GET /api/analysis/ml-insights/ HTTP/1.1" 200 3564
INFO 2026-06-01 11:05:36,780 log "GET /api/analysis/ml-insights/ HTTP/1.1" 200 3564
INFO 2026-06-01 12:42:20,135 log "GET /api/tutorials/ HTTP/1.1" 200 6346
INFO 2026-06-01 12:42:20,171 log "GET /api/tutorials/ HTTP/1.1" 200 6346
INFO 2026-06-01 12:42:20,261 log "GET /api/analysis/ HTTP/1.1" 200 8724
INFO 2026-06-01 12:42:20,393 log "GET /api/analysis/ HTTP/1.1" 200 8724
INFO 2026-06-01 12:42:52,107 log "GET /api/tutorials/ HTTP/1.1" 200 6346
INFO 2026-06-01 12:42:52,124 log "GET /api/tutorials/ HTTP/1.1" 200 6346
INFO 2026-06-01 12:45:38,034 log "GET /api/analysis/ HTTP/1.1" 200 8724
INFO 2026-06-01 12:45:38,158 log "GET /api/analysis/ HTTP/1.1" 200 8724
INFO 2026-06-01 12:45:45,956 log "GET /api/analysis/ml-insights/ HTTP/1.1" 200 3564
INFO 2026-06-01 12:45:46,042 log "GET /api/analysis/ml-insights/ HTTP/1.1" 200 3564
INFO 2026-06-01 12:45:50,876 log "GET /api/analysis/ HTTP/1.1" 200 8724
INFO 2026-06-01 12:45:50,949 log "GET /api/analysis/ HTTP/1.1" 200 8724
INFO 2026-06-01 12:45:55,181 log "GET /api/analysis/ HTTP/1.1" 200 8724
INFO 2026-06-01 12:45:55,254 log "GET /api/analysis/ HTTP/1.1" 200 8724
